question_id,poll_id,cycle,state,politician,pollster_id,pollster,sponsor_ids,sponsors,display_name,sample_size,poll_population,question_population,methodology,start_date,end_date,sponsor_candidate,tracking,created_at,notes,url,source,yes,no
77841,49580,2017,,Donald Trump,399,Rasmussen/Pulse Opinion Research,"","",Rasmussen Reports/Pulse Opinion Research,1500,lv,lv,IVR/Online,4/3/17,4/5/17,"",TRUE,4/6/17 09:40,,http://www.rasmussenreports.com/public_content/politics/trump_administration/trump_approval_index_history,Huffpost | Rasmussen,46.0,54.0
77842,49581,2017,,Donald Trump,169,Gallup,"","",Gallup,1500,a,a,Live Phone,4/3/17,4/5/17,"",TRUE,4/6/17 12:58,,http://www.gallup.com/poll/201617/gallup-daily-trump-job-approval.aspx,Huffpost | Gallup,41.0,53.0
77843,49582,,,Donald Trump,1299,icitizen,"","",icitizen,1584,a,a,Online,4/3/17,4/5/17,"",,4/6/17 13:28,,https://icitizen.com/insights/trump-job-approval-april-3-5-2017/,Huffpost,35.0,65.0
77835,49575,2017,,Donald Trump,399,Rasmussen/Pulse Opinion Research,"","",Rasmussen Reports/Pulse Opinion Research,1500,lv,lv,IVR/Online,4/2/17,4/4/17,"",TRUE,4/5/17 09:26,,http://www.rasmussenreports.com/public_content/politics/trump_administration/trump_approval_index_history,Huffpost | Rasmussen,46.0,54.0
77838,49578,,,Donald Trump,568,YouGov,352,Economist,YouGov,1500,a,a,Online,4/2/17,4/4/17,"",,4/5/17 09:46,,http://d25d2506sfb94s.cloudfront.net/cumulus_uploads/document/2f8nhwlimu/econToplines.pdf,Huffpost,40.0,48.0
77839,49578,,,Donald Trump,568,YouGov,352,Economist,YouGov,1331,a,rv,Online,4/2/17,4/4/17,"",,4/5/17 09:46,,http://d25d2506sfb94s.cloudfront.net/cumulus_uploads/document/2f8nhwlimu/econToplines.pdf,RCP,43.0,50.0
77840,49579,2017,,Donald Trump,169,Gallup,"","",Gallup,1500,a,a,Live Phone,4/2/17,4/4/17,"",TRUE,4/5/17 13:28,,http://www.gallup.com/poll/201617/gallup-daily-trump-job-approval.aspx,Huffpost | Gallup,42.0,52.0
77820,49568,2017,,Donald Trump,169,Gallup,"","",Gallup,1500,a,a,Live Phone,4/1/17,4/3/17,"",TRUE,4/4/17 12:59,,http://www.gallup.com/poll/201617/gallup-daily-trump-job-approval.aspx,Huffpost | Gallup,39.0,55.0
77819,49567,2017,,Donald Trump,399,Rasmussen/Pulse Opinion Research,"","",Rasmussen Reports/Pulse Opinion Research,1500,lv,lv,IVR/Online,3/30/17,4/3/17,"",TRUE,4/4/17 09:48,,http://www.rasmussenreports.com/public_content/politics/trump_administration/trump_approval_index_history,Huffpost | Rasmussen,43.0,57.0
77821,49569,,,Donald Trump,396,Quinnipiac University,"","",Quinnipiac University,1171,rv,rv,Live Phone,3/30/17,4/3/17,"",,4/4/17 14:30,,https://poll.qu.edu/national/release-detail?ReleaseID=2448,RCP | Huffpost,35.0,57.0
77822,49570,2017,,Donald Trump,744,Ipsos,71,Reuters,Ipsos,2119,,a,Online,3/30/17,4/3/17,"",TRUE,4/4/17 14:53,,http://polling.reuters.com/#poll/CP3_2/,Reuters,46.2,49.5
77826,49570,2017,,Donald Trump,744,Ipsos,71,Reuters,Ipsos,1834,,rv,Online,3/30/17,4/3/17,"",TRUE,4/4/17 14:54,,http://polling.reuters.com/#poll/CP3_2/filters/PD1:1,Reuters,47.5,49.4
77830,49570,2017,,Donald Trump,744,Ipsos,71,Reuters,Ipsos,598,,lv,Online,3/30/17,4/3/17,"",TRUE,4/4/17 14:54,,http://polling.reuters.com/#poll/CP3_2/filters/LIKELY:1,Reuters,48.3,49.3
77836,49576,,,Donald Trump,390,PSRAI,233,Kaiser Family Foundation,Princeton Survey Research Associates International,1203,a,a,Live Phone,3/28/17,4/3/17,"",,4/5/17 09:46,,http://files.kff.org/attachment/Topline-Kaiser-Health-Tracking-Poll-April-2017,Huffpost,41.0,55.0
77816,49565,2017,,Donald Trump,169,Gallup,"","",Gallup,1500,a,a,Live Phone,3/31/17,4/2/17,"",TRUE,4/3/17 12:59,,http://www.gallup.com/poll/201617/gallup-daily-trump-job-approval.aspx,Huffpost | Gallup,38.0,57.0
77814,49564,2017,,Donald Trump,399,Rasmussen/Pulse Opinion Research,"","",Rasmussen Reports/Pulse Opinion Research,1500,lv,lv,IVR/Online,3/29/17,4/2/17,"",TRUE,4/3/17 09:35,,http://www.rasmussenreports.com/public_content/politics/trump_administration/trump_approval_index_history,Huffpost | Rasmussen,42.0,58.0
77823,49571,2017,,Donald Trump,744,Ipsos,71,Reuters,Ipsos,2126,,a,Online,3/29/17,4/2/17,"",TRUE,4/4/17 14:53,,http://polling.reuters.com/#poll/CP3_2/,Reuters,47.4,47.3
77827,49571,2017,,Donald Trump,744,Ipsos,71,Reuters,Ipsos,1813,,rv,Online,3/29/17,4/2/17,"",TRUE,4/4/17 14:54,,http://polling.reuters.com/#poll/CP3_2/filters/PD1:1,Reuters,48.6,47.9
77831,49571,2017,,Donald Trump,744,Ipsos,71,Reuters,Ipsos,589,,lv,Online,3/29/17,4/2/17,"",TRUE,4/4/17 14:54,,http://polling.reuters.com/#poll/CP3_2/filters/LIKELY:1,Reuters,47.3,49.6
77813,49563,2017,,Donald Trump,169,Gallup,"","",Gallup,1500,a,a,Live Phone,3/30/17,4/1/17,"",TRUE,4/2/17 13:00,,http://www.gallup.com/poll/201617/gallup-daily-trump-job-approval.aspx,Huffpost | Gallup,38.0,57.0
77837,49577,,,Donald Trump,1189,Morning Consult,538,Politico,Morning Consult,1995,rv,rv,Online,3/30/17,4/1/17,"",,4/5/17 09:46,,https://morningconsult.com/2017/04/05/things-might-worth-government-shutdown-voters-say/,Huffpost,47.0,49.0
77824,49572,2017,,Donald Trump,744,Ipsos,71,Reuters,Ipsos,2105,,a,Online,3/28/17,4/1/17,"",TRUE,4/4/17 14:53,,http://polling.reuters.com/#poll/CP3_2/,Reuters,47.3,46.4
77828,49572,2017,,Donald Trump,744,Ipsos,71,Reuters,Ipsos,1783,,rv,Online,3/28/17,4/1/17,"",TRUE,4/4/17 14:54,,http://polling.reuters.com/#poll/CP3_2/filters/PD1:1,Reuters,48.6,47.0
77832,49572,2017,,Donald Trump,744,Ipsos,71,Reuters,Ipsos,558,,lv,Online,3/28/17,4/1/17,"",TRUE,4/4/17 14:54,,http://polling.reuters.com/#poll/CP3_2/filters/LIKELY:1,Reuters,45.4,50.8
77812,49562,2017,,Donald Trump,169,Gallup,"","",Gallup,1500,a,a,Live Phone,3/29/17,3/31/17,"",TRUE,4/1/17 12:52,,http://www.gallup.com/poll/201617/gallup-daily-trump-job-approval.aspx,Huffpost | Gallup,40.0,56.0
77825,49573,2017,,Donald Trump,744,Ipsos,71,Reuters,Ipsos,2014,,a,Online,3/27/17,3/31/17,"",TRUE,4/4/17 14:53,,http://polling.reuters.com/#poll/CP3_2/,Reuters,47.2,45.9
77829,49573,2017,,Donald Trump,744,Ipsos,71,Reuters,Ipsos,1692,,rv,Online,3/27/17,3/31/17,"",TRUE,4/4/17 14:54,,http://polling.reuters.com/#poll/CP3_2/filters/PD1:1,Reuters,48.2,46.7
77833,49573,2017,,Donald Trump,744,Ipsos,71,Reuters,Ipsos,525,,lv,Online,3/27/17,3/31/17,"",TRUE,4/4/17 14:54,,http://polling.reuters.com/#poll/CP3_2/filters/LIKELY:1,Reuters,43.9,50.9
77799,49555,2017,,Donald Trump,399,Rasmussen/Pulse Opinion Research,"","",Rasmussen Reports/Pulse Opinion Research,1500,lv,lv,IVR/Online,3/28/17,3/30/17,"",TRUE,3/31/17 09:32,,http://www.rasmussenreports.com/public_content/politics/trump_administration/trump_approval_index_history,Huffpost | Rasmussen,43.0,57.0
77811,49561,2017,,Donald Trump,169,Gallup,"","",Gallup,1500,a,a,Live Phone,3/28/17,3/30/17,"",TRUE,3/31/17 12:53,,http://www.gallup.com/poll/201617/gallup-daily-trump-job-approval.aspx,Huffpost | Gallup,38.0,56.0
77801,49557,2017,,Donald Trump,744,Ipsos,71,Reuters,Ipsos,418,,lv,Online,3/26/17,3/30/17,"",TRUE,3/31/17 12:09,,http://polling.reuters.com/#poll/CP3_2/filters/LIKELY:1,Reuters,43.0,50.0
77804,49557,2017,,Donald Trump,744,Ipsos,71,Reuters,Ipsos,1427,,rv,Online,3/26/17,3/30/17,"",TRUE,3/31/17 12:09,,http://polling.reuters.com/#poll/CP3_2/filters/PD1:1,Reuters,47.1,47.6
77807,49557,2017,,Donald Trump,744,Ipsos,71,Reuters,Ipsos,1731,,a,Online,3/26/17,3/30/17,"",TRUE,3/31/17 12:09,,http://polling.reuters.com/#poll/CP3_2/,Reuters,45.5,46.5
77795,49551,2017,,Donald Trump,1193,SurveyMonkey,132,NBC News,SurveyMonkey,11890,a,a,Online,3/24/17,3/30/17,"",,3/30/17 10:46,,https://drive.google.com/file/d/0B83Vpfes67zfUUw4dVVaMTc2bm8/view,538 | Huffpost,44.0,56.0
77815,49551,2017,,Donald Trump,1193,SurveyMonkey,132,NBC News,SurveyMonkey,10800,a,rv,Online,3/24/17,3/30/17,"",,4/3/17 11:19,,https://drive.google.com/file/d/0B83Vpfes67zfUUw4dVVaMTc2bm8/view,538,43.0,56.0
77817,49566,,,Donald Trump,228,IBD/TIPP,375,Investor's Business Daily,IBD/TIPP,904,a,a,,3/24/17,3/30/17,"",,4/3/17 13:13,,"",538 | RCP,34.0,56.0
77793,49549,2017,,Donald Trump,399,Rasmussen/Pulse Opinion Research,"","",Rasmussen Reports/Pulse Opinion Research,1500,lv,lv,IVR/Online,3/27/17,3/29/17,"",TRUE,3/30/17 09:27,,http://www.rasmussenreports.com/public_content/politics/trump_administration/trump_approval_index_history,Huffpost | Rasmussen,44.0,56.0
77797,49553,2017,,Donald Trump,169,Gallup,"","",Gallup,1500,a,a,Live Phone,3/27/17,3/29/17,"",TRUE,3/30/17 12:58,,http://www.gallup.com/poll/201617/gallup-daily-trump-job-approval.aspx,Huffpost | Gallup,38.0,57.0
77798,49554,,,Donald Trump,1299,icitizen,"","",icitizen,1062,a,a,Online,3/27/17,3/29/17,"",,3/30/17 15:17,,https://icitizen.com/insights/trump-job-approval-march-27-29-2017/,Huffpost,33.0,66.0
77834,49574,2017,,Donald Trump,573,Zogby Interactive/JZ Analytics,"","",Zogby Interactive/JZ Analytics,1351,a,a,Online,3/27/17,3/29/17,"",,4/4/17 14:57,,https://www.zogbyanalytics.com/news/771-american-workers-still-support-repeal-of-obamacare-oprah-trumps-the-donald,538,40.0,53.0
77802,49558,2017,,Donald Trump,744,Ipsos,71,Reuters,Ipsos,430,,lv,Online,3/25/17,3/29/17,"",TRUE,3/31/17 12:09,,http://polling.reuters.com/#poll/CP3_2/filters/LIKELY:1,Reuters,40.6,51.0
77805,49558,2017,,Donald Trump,744,Ipsos,71,Reuters,Ipsos,1380,,rv,Online,3/25/17,3/29/17,"",TRUE,3/31/17 12:09,,http://polling.reuters.com/#poll/CP3_2/filters/PD1:1,Reuters,45.5,48.6
77808,49558,2017,,Donald Trump,744,Ipsos,71,Reuters,Ipsos,1692,,a,Online,3/25/17,3/29/17,"",TRUE,3/31/17 12:09,,http://polling.reuters.com/#poll/CP3_2/,Reuters,45.0,47.1
77794,49550,,,Donald Trump,383,Public Policy Polling,"","",Public Policy Polling,677,rv,rv,IVR/Online,3/27/17,3/28/17,"",,3/30/17 10:46,,http://www.publicpolicypolling.com/pdf/2017/PPP_Release_National_33017.pdf,RCP | Huffpost,40.0,53.0
77787,49544,2017,,Donald Trump,399,Rasmussen/Pulse Opinion Research,"","",Rasmussen Reports/Pulse Opinion Research,1500,lv,lv,IVR/Online,3/26/17,3/28/17,"",TRUE,3/29/17 11:00,,http://www.rasmussenreports.com/public_content/politics/trump_administration/trump_approval_index_history,Huffpost | Rasmussen,44.0,56.0
77789,49546,,,Donald Trump,568,YouGov,352,Economist,YouGov,1500,a,a,Online,3/26/17,3/28/17,"",,3/29/17 11:08,,http://d25d2506sfb94s.cloudfront.net/cumulus_uploads/document/6xp8fd6vvl/econToplines.pdf,Huffpost,41.0,47.0
77791,49546,,,Donald Trump,568,YouGov,352,Economist,YouGov,1271,a,rv,Online,3/26/17,3/28/17,"",,3/29/17 11:09,,http://d25d2506sfb94s.cloudfront.net/cumulus_uploads/document/6xp8fd6vvl/econToplines.pdf,RCP,45.0,50.0
77792,49548,2017,,Donald Trump,169,Gallup,"","",Gallup,1500,a,a,Live Phone,3/26/17,3/28/17,"",TRUE,3/29/17 13:33,,http://www.gallup.com/poll/201617/gallup-daily-trump-job-approval.aspx,Huffpost | Gallup,35.0,59.0
77788,49545,,,Donald Trump,79,CBS News/New York Times,133,CBS News,CBS News/New York Times,1088,a,a,Live Phone,3/25/17,3/28/17,"",,3/29/17 11:08,,https://www.scribd.com/document/343392363/Cbs-Poll-7am-Toplines,RCP | Huffpost,40.0,52.0
77803,49559,2017,,Donald Trump,744,Ipsos,71,Reuters,Ipsos,415,,lv,Online,3/24/17,3/28/17,"",TRUE,3/31/17 12:09,,http://polling.reuters.com/#poll/CP3_2/filters/LIKELY:1,Reuters,39.0,53.0
77806,49559,2017,,Donald Trump,744,Ipsos,71,Reuters,Ipsos,1346,,rv,Online,3/24/17,3/28/17,"",TRUE,3/31/17 12:09,,http://polling.reuters.com/#poll/CP3_2/filters/PD1:1,Reuters,44.3,50.1
77809,49559,2017,,Donald Trump,744,Ipsos,71,Reuters,Ipsos,1647,,a,Online,3/24/17,3/28/17,"",TRUE,3/31/17 12:09,,http://polling.reuters.com/#poll/CP3_2/,Reuters,43.4,49.2
77772,49538,2017,,Donald Trump,169,Gallup,"","",Gallup,1500,a,a,Live Phone,3/25/17,3/27/17,"",TRUE,3/28/17 12:58,,http://www.gallup.com/poll/201617/gallup-daily-trump-job-approval.aspx,Huffpost | Gallup,36.0,56.0
77771,49537,2017,,Donald Trump,399,Rasmussen/Pulse Opinion Research,"","",Rasmussen Reports/Pulse Opinion Research,1500,lv,lv,IVR/Online,3/23/17,3/27/17,"",TRUE,3/28/17 09:44,,http://www.rasmussenreports.com/public_content/politics/trump_administration/trump_approval_index_history,Huffpost | Rasmussen,45.0,55.0
77773,49539,2017,,Donald Trump,744,Ipsos,71,Reuters,Ipsos,1679,,a,Online,3/23/17,3/27/17,"",TRUE,3/28/17 14:48,,http://polling.reuters.com/#poll/CP3_2/,Reuters,44.5,48.9
77777,49539,2017,,Donald Trump,744,Ipsos,71,Reuters,Ipsos,1374,,rv,Online,3/23/17,3/27/17,"",TRUE,3/28/17 14:48,,http://polling.reuters.com/#poll/CP3_2/filters/PD1:1,Reuters,44.7,50.3
77781,49539,2017,,Donald Trump,744,Ipsos,71,Reuters,Ipsos,447,,lv,Online,3/23/17,3/27/17,"",TRUE,3/28/17 14:48,,http://polling.reuters.com/#poll/CP3_2/filters/LIKELY:1,Reuters,41.9,51.1
77796,49552,2017,,Donald Trump,1360,National Opinion Research Center,398,AP,National Opinion Research Center,1110,a,a,Online,3/23/17,3/27/17,"",,3/30/17 11:11,,http://www.apnorc.org/PDFs/HealthCareAP/AP%20Custom%20Poll%20Topline%20MARCH_healthcare.pdf,Huffpost | 538,42.0,58.0
77800,49556,,,Donald Trump,1205,Marist College,360,McClatchy Newspapers,Marist College,906,a,rv,Live Phone,3/22/17,3/27/17,"",,3/31/17 10:38,,https://www.documentcloud.org/documents/3532285-McClatchy-Marist-Poll-National-Nature-of-the.html,RCP | Huffpost,38.0,51.0
77770,49536,2017,,Donald Trump,169,Gallup,"","",Gallup,1500,a,a,Live Phone,3/24/17,3/26/17,"",TRUE,3/27/17 13:03,,http://www.gallup.com/poll/201617/gallup-daily-trump-job-approval.aspx,Huffpost | Gallup,36.0,57.0
77769,49535,2017,,Donald Trump,399,Rasmussen/Pulse Opinion Research,"","",Rasmussen Reports/Pulse Opinion Research,1500,lv,lv,IVR/Online,3/22/17,3/26/17,"",TRUE,3/27/17 09:36,,http://www.rasmussenreports.com/public_content/politics/trump_administration/trump_approval_index_history,Huffpost | Rasmussen,45.0,54.0
77774,49540,2017,,Donald Trump,744,Ipsos,71,Reuters,Ipsos,1668,,a,Online,3/22/17,3/26/17,"",TRUE,3/28/17 14:48,,http://polling.reuters.com/#poll/CP3_2/,Reuters,44.2,49.8
77778,49540,2017,,Donald Trump,744,Ipsos,71,Reuters,Ipsos,1348,,rv,Online,3/22/17,3/26/17,"",TRUE,3/28/17 14:48,,http://polling.reuters.com/#poll/CP3_2/filters/PD1:1,Reuters,45.3,50.8
77782,49540,2017,,Donald Trump,744,Ipsos,71,Reuters,Ipsos,435,,lv,Online,3/22/17,3/26/17,"",TRUE,3/28/17 14:48,,http://polling.reuters.com/#poll/CP3_2/filters/LIKELY:1,Reuters,44.2,49.0
77790,49547,,,Donald Trump,1189,Morning Consult,538,Politico,Morning Consult,1991,rv,rv,Online,3/24/17,3/25/17,"",,3/29/17 11:08,,http://www.politico.com/story/2017/03/donald-trump-health-care-poll-236620,Huffpost,45.0,50.0
77768,49534,2017,,Donald Trump,169,Gallup,"","",Gallup,1500,a,a,Live Phone,3/23/17,3/25/17,"",TRUE,3/26/17 13:01,,http://www.gallup.com/poll/201617/gallup-daily-trump-job-approval.aspx,Huffpost | Gallup,40.0,54.0
77775,49541,2017,,Donald Trump,744,Ipsos,71,Reuters,Ipsos,1647,,a,Online,3/21/17,3/25/17,"",TRUE,3/28/17 14:48,,http://polling.reuters.com/#poll/CP3_2/,Reuters,46.0,48.9
77779,49541,2017,,Donald Trump,744,Ipsos,71,Reuters,Ipsos,1342,,rv,Online,3/21/17,3/25/17,"",TRUE,3/28/17 14:48,,http://polling.reuters.com/#poll/CP3_2/filters/PD1:1,Reuters,47.8,49.0
77783,49541,2017,,Donald Trump,744,Ipsos,71,Reuters,Ipsos,458,,lv,Online,3/21/17,3/25/17,"",TRUE,3/28/17 14:48,,http://polling.reuters.com/#poll/CP3_2/filters/LIKELY:1,Reuters,45.6,49.1
77767,49533,2017,,Donald Trump,169,Gallup,"","",Gallup,1500,a,a,Live Phone,3/22/17,3/24/17,"",TRUE,3/25/17 12:55,,http://www.gallup.com/poll/201617/gallup-daily-trump-job-approval.aspx,Huffpost | Gallup,41.0,54.0
77776,49542,2017,,Donald Trump,744,Ipsos,71,Reuters,Ipsos,1678,,a,Online,3/20/17,3/24/17,"",TRUE,3/28/17 14:48,,http://polling.reuters.com/#poll/CP3_2/,Reuters,46.2,48.1
77780,49542,2017,,Donald Trump,744,Ipsos,71,Reuters,Ipsos,1377,,rv,Online,3/20/17,3/24/17,"",TRUE,3/28/17 14:48,,http://polling.reuters.com/#poll/CP3_2/filters/PD1:1,Reuters,49.2,48.0
77784,49542,2017,,Donald Trump,744,Ipsos,71,Reuters,Ipsos,468,,lv,Online,3/20/17,3/24/17,"",TRUE,3/28/17 14:48,,http://polling.reuters.com/#poll/CP3_2/filters/LIKELY:1,Reuters,48.9,46.2
77755,49527,2017,,Donald Trump,399,Rasmussen/Pulse Opinion Research,"","",Rasmussen Reports/Pulse Opinion Research,1500,lv,lv,IVR/Online,3/21/17,3/23/17,"",TRUE,3/24/17 10:11,,http://www.rasmussenreports.com/public_content/politics/trump_administration/trump_approval_index_history,Huffpost | Rasmussen,44.0,56.0
77756,49528,2017,,Donald Trump,169,Gallup,"","",Gallup,1500,a,a,Live Phone,3/21/17,3/23/17,"",TRUE,3/24/17 13:01,,http://www.gallup.com/poll/201617/gallup-daily-trump-job-approval.aspx,Huffpost | Gallup,41.0,54.0
77766,49532,,,Donald Trump,1299,icitizen,"","",icitizen,1101,a,a,Online,3/20/17,3/23/17,"",,3/24/17 13:48,,https://icitizen.com/insights/trump-job-approval-march-20-23-2017/,Huffpost,37.0,62.0
77757,49529,2017,,Donald Trump,744,Ipsos,71,Reuters,Ipsos,498,,lv,Online,3/19/17,3/23/17,"",TRUE,3/24/17 13:48,,http://polling.reuters.com/#poll/CP3_2/filters/LIKELY:1,Reuters,52.2,43.2
77760,49529,2017,,Donald Trump,744,Ipsos,71,Reuters,Ipsos,1701,,a,Online,3/19/17,3/23/17,"",TRUE,3/24/17 13:48,,http://polling.reuters.com/#poll/CP3_2/,Reuters,48.0,46.5
77763,49529,2017,,Donald Trump,744,Ipsos,71,Reuters,Ipsos,1403,,rv,Online,3/19/17,3/23/17,"",TRUE,3/24/17 13:48,,http://polling.reuters.com/#poll/CP3_2/filters/PD1:1,Reuters,50.9,46.6
77753,49526,2017,,Donald Trump,1193,SurveyMonkey,"","",SurveyMonkey,12306,a,a,Online,3/17/17,3/23/17,"",,3/24/17 09:32,,https://drive.google.com/file/d/0B83Vpfes67zfTFpjeURVRWVKUUk/view,538,42.0,55.0
77754,49526,2017,,Donald Trump,1193,SurveyMonkey,"","",SurveyMonkey,11249,a,rv,Online,3/17/17,3/23/17,"",,3/24/17 09:32,,https://drive.google.com/file/d/0B83Vpfes67zfTFpjeURVRWVKUUk/view,538,44.0,56.0
77750,49523,2017,,Donald Trump,399,Rasmussen/Pulse Opinion Research,"","",Rasmussen Reports/Pulse Opinion Research,1500,lv,lv,IVR/Online,3/20/17,3/22/17,"",TRUE,3/23/17 10:45,,http://www.rasmussenreports.com/public_content/politics/trump_administration/trump_approval_index_history,Huffpost | Rasmussen,47.0,53.0
77751,49524,2017,,Donald Trump,169,Gallup,"","",Gallup,1500,a,a,Live Phone,3/20/17,3/22/17,"",TRUE,3/23/17 13:10,,http://www.gallup.com/poll/201617/gallup-daily-trump-job-approval.aspx,Huffpost | Gallup,39.0,56.0
77758,49530,2017,,Donald Trump,744,Ipsos,71,Reuters,Ipsos,478,,lv,Online,3/18/17,3/22/17,"",TRUE,3/24/17 13:48,,http://polling.reuters.com/#poll/CP3_2/filters/LIKELY:1,Reuters,50.8,44.7
77761,49530,2017,,Donald Trump,744,Ipsos,71,Reuters,Ipsos,1619,,a,Online,3/18/17,3/22/17,"",TRUE,3/24/17 13:48,,http://polling.reuters.com/#poll/CP3_2/,Reuters,45.9,48.2
77764,49530,2017,,Donald Trump,744,Ipsos,71,Reuters,Ipsos,1347,,rv,Online,3/18/17,3/22/17,"",TRUE,3/24/17 13:48,,http://polling.reuters.com/#poll/CP3_2/filters/PD1:1,Reuters,49.2,48.3
77744,49518,,,Donald Trump,399,Rasmussen/Pulse Opinion Research,"","",Rasmussen Reports/Pulse Opinion Research,1500,,lv,IVR/Online,3/19/17,3/21/17,"",,3/22/17 10:34,,http://www.rasmussenreports.com/public_content/politics/trump_administration/trump_approval_index_history,Rasmussen | Huffpost,46.0,54.0
77745,49519,2017,,Donald Trump,169,Gallup,"","",Gallup,1500,a,a,Live Phone,3/19/17,3/21/17,"",TRUE,3/22/17 13:10,,http://www.gallup.com/poll/201617/gallup-daily-trump-job-approval.aspx,Huffpost | Gallup,40.0,55.0
77747,49521,,,Donald Trump,568,YouGov,352,Economist,YouGov,1500,a,a,Online,3/19/17,3/21/17,"",,3/22/17 13:30,,http://d25d2506sfb94s.cloudfront.net/cumulus_uploads/document/9atsoe30n9/econToplines.pdf,Huffpost,41.0,46.0
77748,49521,,,Donald Trump,568,YouGov,352,Economist,YouGov,1296,a,rv,Online,3/19/17,3/21/17,"",,3/22/17 13:31,,http://d25d2506sfb94s.cloudfront.net/cumulus_uploads/document/9atsoe30n9/econToplines.pdf,RCP,44.0,49.0
77759,49531,2017,,Donald Trump,744,Ipsos,71,Reuters,Ipsos,479,,lv,Online,3/17/17,3/21/17,"",TRUE,3/24/17 13:48,,http://polling.reuters.com/#poll/CP3_2/filters/LIKELY:1,Reuters,48.9,47.9
77762,49531,2017,,Donald Trump,744,Ipsos,71,Reuters,Ipsos,1609,,a,Online,3/17/17,3/21/17,"",TRUE,3/24/17 13:48,,http://polling.reuters.com/#poll/CP3_2/,Reuters,46.3,47.7
77765,49531,2017,,Donald Trump,744,Ipsos,71,Reuters,Ipsos,1362,,rv,Online,3/17/17,3/21/17,"",TRUE,3/24/17 13:48,,http://polling.reuters.com/#poll/CP3_2/filters/PD1:1,Reuters,49.3,48.2
77749,49522,2017,,Donald Trump,396,Quinnipiac University,"","",Quinnipiac University,1056,rv,rv,Live Phone,3/16/17,3/21/17,"",,3/22/17 13:50,,https://poll.qu.edu/images/polling/us/us03222017_Upt839fm.pdf/,RCP | Huffpost | 538,37.0,56.0
77728,49510,2017,,Donald Trump,169,Gallup,"","",Gallup,1500,a,a,Live Phone,3/18/17,3/20/17,"",TRUE,3/21/17 13:02,,http://www.gallup.com/poll/201617/gallup-daily-trump-job-approval.aspx,Huffpost | Gallup,39.0,56.0
77727,49509,,,Donald Trump,23,American Research Group,"","",American Research Group,1100,a,a,Live Phone,3/17/17,3/20/17,"",,3/21/17 12:28,,http://americanresearchgroup.com/economy/,Huffpost,41.0,54.0
77726,49508,2017,,Donald Trump,399,Rasmussen/Pulse Opinion Research,"","",Rasmussen Reports/Pulse Opinion Research,1500,lv,lv,IVR/Online,3/16/17,3/20/17,"",TRUE,3/21/17 10:56,,http://www.rasmussenreports.com/public_content/politics/trump_administration/trump_approval_index_history,Huffpost | Rasmussen,50.0,50.0
77730,49512,2017,,Donald Trump,744,Ipsos,71,Reuters,Ipsos,486,,lv,Online,3/16/17,3/20/17,"",TRUE,3/22/17 09:54,,http://polling.reuters.com/#poll/CP3_2/filters/LIKELY:1,Reuters,48.7,47.6
77734,49512,2017,,Donald Trump,744,Ipsos,71,Reuters,Ipsos,1581,,a,Online,3/16/17,3/20/17,"",TRUE,3/22/17 09:54,,http://polling.reuters.com/#poll/CP3_2/,Reuters,45.7,48.0
77735,49512,2017,,Donald Trump,744,Ipsos,71,Reuters,Ipsos,1347,,rv,Online,3/16/17,3/20/17,"",TRUE,3/22/17 09:54,,http://polling.reuters.com/#poll/CP3_2/filters/PD1:1,Reuters,48.7,48.1
77725,49507,2017,,Donald Trump,169,Gallup,"","",Gallup,1500,a,a,Live Phone,3/17/17,3/19/17,"",TRUE,3/20/17 13:05,,http://www.gallup.com/poll/201617/gallup-daily-trump-job-approval.aspx,Gallup,39.0,55.0
77742,49516,,,Donald Trump,1189,Morning Consult,538,Politico,Morning Consult,1927,rv,rv,Online,3/16/17,3/19/17,"",,3/22/17 09:57,,http://www.politico.com/story/2017/03/republicans-obamacare-repeal-support-236331,Huffpost,50.0,44.0
77724,49506,2017,,Donald Trump,399,Rasmussen/Pulse Opinion Research,"","",Rasmussen Reports/Pulse Opinion Research,1500,lv,lv,IVR/Online,3/15/17,3/19/17,"",TRUE,3/20/17 10:02,,http://www.rasmussenreports.com/public_content/politics/trump_administration/trump_approval_index_history,Rasmussen,49.0,51.0
77731,49513,2017,,Donald Trump,744,Ipsos,71,Reuters,Ipsos,488,,lv,Online,3/15/17,3/19/17,"",TRUE,3/22/17 09:54,,http://polling.reuters.com/#poll/CP3_2/filters/LIKELY:1,Reuters,47.7,48.6
77736,49513,2017,,Donald Trump,744,Ipsos,71,Reuters,Ipsos,1354,,rv,Online,3/15/17,3/19/17,"",TRUE,3/22/17 09:54,,http://polling.reuters.com/#poll/CP3_2/filters/PD1:1,Reuters,47.8,48.5
77738,49513,2017,,Donald Trump,744,Ipsos,71,Reuters,Ipsos,1590,,a,Online,3/15/17,3/19/17,"",TRUE,3/22/17 09:54,,http://polling.reuters.com/#poll/CP3_2/,Reuters,44.8,49.2
77723,49505,2017,,Donald Trump,169,Gallup,"","",Gallup,1500,a,a,Live Phone,3/16/17,3/18/17,"",TRUE,3/19/17 15:09,,http://www.gallup.com/poll/201617/gallup-daily-trump-job-approval.aspx,Gallup,37.0,58.0
77732,49514,2017,,Donald Trump,744,Ipsos,71,Reuters,Ipsos,513,,lv,Online,3/14/17,3/18/17,"",TRUE,3/22/17 09:54,,http://polling.reuters.com/#poll/CP3_2/filters/LIKELY:1,Reuters,44.6,51.2
77737,49514,2017,,Donald Trump,744,Ipsos,71,Reuters,Ipsos,1359,,rv,Online,3/14/17,3/18/17,"",TRUE,3/22/17 09:54,,http://polling.reuters.com/#poll/CP3_2/filters/PD1:1,Reuters,45.6,49.6
77739,49514,2017,,Donald Trump,744,Ipsos,71,Reuters,Ipsos,1588,,a,Online,3/14/17,3/18/17,"",TRUE,3/22/17 09:54,,http://polling.reuters.com/#poll/CP3_2/,Reuters,42.4,50.4
77721,49503,2017,,Donald Trump,169,Gallup,"","",Gallup,1500,a,a,Live Phone,3/15/17,3/17/17,"",TRUE,3/18/17 14:01,,http://www.gallup.com/poll/201617/gallup-daily-trump-job-approval.aspx,Gallup,40.0,55.0
77729,49511,2017,,Donald Trump,744,Ipsos,71,Reuters,Ipsos,1435,,rv,Online,3/13/17,3/17/17,"",TRUE,3/22/17 09:54,,http://polling.reuters.com/#poll/CP3_2/filters/PD1:1,Reuters,47.9,47.7
77733,49511,2017,,Donald Trump,744,Ipsos,71,Reuters,Ipsos,550,,lv,Online,3/13/17,3/17/17,"",TRUE,3/22/17 09:54,,http://polling.reuters.com/#poll/CP3_2/filters/LIKELY:1,Reuters,44.9,50.7
77740,49511,2017,,Donald Trump,744,Ipsos,71,Reuters,Ipsos,1684,,a,Online,3/13/17,3/17/17,"",TRUE,3/22/17 09:54,,http://polling.reuters.com/#poll/CP3_2/,Reuters,44.4,48.8
77710,49498,2017,,Donald Trump,399,Rasmussen/Pulse Opinion Research,"","",Rasmussen Reports/Pulse Opinion Research,1500,lv,lv,IVR/Online,3/14/17,3/16/17,"",TRUE,3/17/17 11:11,,http://www.rasmussenreports.com/public_content/politics/trump_administration/trump_approval_index_history,Rasmussen,48.0,52.0
77720,49502,2017,,Donald Trump,169,Gallup,"","",Gallup,1500,a,a,Live Phone,3/14/17,3/16/17,"",TRUE,3/17/17 13:36,,http://www.gallup.com/poll/201617/gallup-daily-trump-job-approval.aspx,Gallup,41.0,54.0
77743,49517,2017,,Donald Trump,201,Harris Interactive,763,Harvard,Harris Interactive,2092,rv,rv,Online,3/14/17,3/16/17,"",,3/22/17 10:03,,http://harvardharrispoll.com/wp-content/uploads/2017/03/HCAPS-Harris-Poll-March-Wave-Limited-Top-Line_03.17.2017.pdf,Huffpost | 538,49.0,51.0
77707,49496,2017,,Donald Trump,1299,icitizen,"","",icitizen,1309,a,a,Online,3/13/17,3/16/17,"",,3/16/17 14:08,,https://icitizen.com/insights/trump-job-approval-march-13-16-2017/,538,42.0,58.0
77711,49499,2017,,Donald Trump,744,Ipsos,71,Reuters,Ipsos,1708,,a,Online,3/12/17,3/16/17,"",TRUE,3/17/17 13:36,,http://polling.reuters.com/#poll/CP3_2/,Reuters,44.2,49.0
77714,49499,2017,,Donald Trump,744,Ipsos,71,Reuters,Ipsos,1452,,rv,Online,3/12/17,3/16/17,"",TRUE,3/17/17 13:36,,http://polling.reuters.com/#poll/CP3_2/filters/PD1:1,Reuters,47.7,47.7
77717,49499,2017,,Donald Trump,744,Ipsos,71,Reuters,Ipsos,540,,lv,Online,3/12/17,3/16/17,"",TRUE,3/17/17 13:36,,http://polling.reuters.com/#poll/CP3_2/filters/LIKELY:1,Reuters,44.6,50.9
77708,49497,2017,,Donald Trump,1193,SurveyMonkey,"","",SurveyMonkey,12133,a,a,Online,3/10/17,3/16/17,"",,3/17/17 11:10,,https://drive.google.com/file/d/0BztOs71zt1WpZWQ2akRMZ04wbEk/view,538,46.0,53.0
77709,49497,2017,,Donald Trump,1193,SurveyMonkey,"","",SurveyMonkey,11097,a,rv,Online,3/10/17,3/16/17,"",,3/17/17 11:10,,https://drive.google.com/file/d/0BztOs71zt1WpZWQ2akRMZ04wbEk/view,538,47.0,53.0
77704,49493,2017,,Donald Trump,399,Rasmussen/Pulse Opinion Research,"","",Rasmussen Reports/Pulse Opinion Research,1500,lv,lv,IVR/Online,3/13/17,3/15/17,"",TRUE,3/16/17 09:42,,http://www.rasmussenreports.com/public_content/politics/trump_administration/trump_approval_index_history,Rasmussen,47.0,53.0
77705,49494,2017,,Donald Trump,169,Gallup,"","",Gallup,1500,a,a,Live Phone,3/13/17,3/15/17,"",TRUE,3/16/17 13:54,,http://www.gallup.com/poll/201617/gallup-daily-trump-job-approval.aspx,Gallup,42.0,53.0
77712,49500,2017,,Donald Trump,744,Ipsos,71,Reuters,Ipsos,1726,,a,Online,3/11/17,3/15/17,"",TRUE,3/17/17 13:36,,http://polling.reuters.com/#poll/CP3_2/,Reuters,44.5,48.7
77715,49500,2017,,Donald Trump,744,Ipsos,71,Reuters,Ipsos,1461,,rv,Online,3/11/17,3/15/17,"",TRUE,3/17/17 13:36,,http://polling.reuters.com/#poll/CP3_2/filters/PD1:1,Reuters,47.1,47.9
77718,49500,2017,,Donald Trump,744,Ipsos,71,Reuters,Ipsos,543,,lv,Online,3/11/17,3/15/17,"",TRUE,3/17/17 13:36,,http://polling.reuters.com/#poll/CP3_2/filters/LIKELY:1,Reuters,44.8,51.1
77699,49489,,,Donald Trump,568,YouGov,352,Economist,YouGov,1320,a,rv,Online,3/13/17,3/14/17,"",,3/15/17 12:19,,"",RCP,44.0,49.0
77700,49489,2017,,Donald Trump,568,YouGov,352,Economist,YouGov,1500,a,a,Online,3/13/17,3/14/17,"",,3/15/17 12:23,,https://d25d2506sfb94s.cloudfront.net/cumulus_uploads/document/cik6umkx7a/econTabReport.pdf,538,41.0,49.0
77696,49486,2017,,Donald Trump,399,Rasmussen/Pulse Opinion Research,"","",Rasmussen Reports/Pulse Opinion Research,1500,lv,lv,IVR/Online,3/12/17,3/14/17,"",TRUE,3/15/17 11:00,,http://www.rasmussenreports.com/public_content/politics/trump_administration/trump_approval_index_history,Rasmussen,45.0,54.0
77702,49491,2017,,Donald Trump,169,Gallup,"","",Gallup,1500,a,a,Live Phone,3/12/17,3/14/17,"",TRUE,3/15/17 13:16,,http://www.gallup.com/poll/201617/gallup-daily-trump-job-approval.aspx,Gallup,40.0,54.0
77703,49492,2017,,Donald Trump,590,Fox News,149,FOX News,Fox News/Anderson Robbins Research/Shaw & Company Research,1008,rv,rv,Live Phone,3/12/17,3/14/17,"",,3/15/17 18:12,,http://www.foxnews.com/politics/interactive/2017/03/15/fox-news-poll-315/,RCP | 538,43.0,51.0
77713,49501,2017,,Donald Trump,744,Ipsos,71,Reuters,Ipsos,1750,,a,Online,3/10/17,3/14/17,"",TRUE,3/17/17 13:36,,http://polling.reuters.com/#poll/CP3_2/,Reuters,45.3,48.9
77716,49501,2017,,Donald Trump,744,Ipsos,71,Reuters,Ipsos,1494,,rv,Online,3/10/17,3/14/17,"",TRUE,3/17/17 13:36,,http://polling.reuters.com/#poll/CP3_2/filters/PD1:1,Reuters,47.8,48.2
77719,49501,2017,,Donald Trump,744,Ipsos,71,Reuters,Ipsos,591,,lv,Online,3/10/17,3/14/17,"",TRUE,3/17/17 13:36,,http://polling.reuters.com/#poll/CP3_2/filters/LIKELY:1,Reuters,45.1,52.0
77695,49485,2017,,Donald Trump,169,Gallup,"","",Gallup,1500,a,a,Live Phone,3/11/17,3/13/17,"",TRUE,3/14/17 13:24,,http://www.gallup.com/poll/201617/gallup-daily-trump-job-approval.aspx,Gallup,39.0,55.0
77682,49480,2017,,Donald Trump,399,Rasmussen/Pulse Opinion Research,"","",Rasmussen Reports/Pulse Opinion Research,1500,lv,lv,IVR/Online,3/9/17,3/13/17,"",TRUE,3/14/17 13:23,,http://www.rasmussenreports.com/public_content/politics/trump_administration/trump_approval_index_history,Rasmussen | 538,46.0,53.0
77683,49481,2017,,Donald Trump,744,Ipsos,71,Reuters,Ipsos,562,,lv,Online,3/9/17,3/13/17,"",TRUE,3/14/17 13:24,,http://polling.reuters.com/#poll/CP3_2/filters/LIKELY:1,Reuters,47.0,50.9
77687,49481,2017,,Donald Trump,744,Ipsos,71,Reuters,Ipsos,1747,,a,Online,3/9/17,3/13/17,"",TRUE,3/14/17 13:24,,http://polling.reuters.com/#poll/CP3_2/,Reuters,46.9,48.3
77691,49481,2017,,Donald Trump,744,Ipsos,71,Reuters,Ipsos,1492,,rv,Online,3/9/17,3/13/17,"",TRUE,3/14/17 13:24,,http://polling.reuters.com/#poll/CP3_2/filters/PD1:1,Reuters,48.9,48.0
77701,49490,2017,,Donald Trump,1189,Morning Consult,"","",Morning Consult,1983,rv,rv,Online,3/9/17,3/13/17,"",,3/15/17 12:30,,https://morningconsult.com/2017/03/15/poll-republican-plan-encourage-health-coverage-unpopular-voters/,538,52.0,43.0
77681,49479,2017,,Donald Trump,169,Gallup,"","",Gallup,1500,a,a,Live Phone,3/10/17,3/12/17,"",TRUE,3/13/17 13:16,,http://www.gallup.com/poll/201617/gallup-daily-trump-job-approval.aspx,Gallup,42.0,51.0
77698,49488,,,Donald Trump,383,Public Policy Polling,"","",Public Policy Polling,808,rv,rv,,3/10/17,3/12/17,"",,3/15/17 11:48,,"",RCP,43.0,50.0
77679,49477,2017,,Donald Trump,399,Rasmussen/Pulse Opinion Research,"","",Rasmussen Reports/Pulse Opinion Research,1500,lv,lv,IVR/Online,3/8/17,3/12/17,"",TRUE,3/13/17 11:56,,http://www.rasmussenreports.com/public_content/politics/trump_administration/trump_approval_index_history,Rasmussen | Huffpost | 538,47.0,53.0
77684,49482,2017,,Donald Trump,744,Ipsos,71,Reuters,Ipsos,553,,lv,Online,3/8/17,3/12/17,"",TRUE,3/14/17 13:24,,http://polling.reuters.com/#poll/CP3_2/filters/LIKELY:1,Reuters,47.8,50.2
77688,49482,2017,,Donald Trump,744,Ipsos,71,Reuters,Ipsos,1691,,a,Online,3/8/17,3/12/17,"",TRUE,3/14/17 13:24,,http://polling.reuters.com/#poll/CP3_2/,Reuters,47.1,47.8
77692,49482,2017,,Donald Trump,744,Ipsos,71,Reuters,Ipsos,1447,,rv,Online,3/8/17,3/12/17,"",TRUE,3/14/17 13:24,,http://polling.reuters.com/#poll/CP3_2/filters/PD1:1,Reuters,49.0,47.7
77722,49504,2017,,Donald Trump,1345,Kaiser Family Foundation / PSRAI,"","",Princeton Survey Research Associates International,1206,a,a,Live Phone,3/6/17,3/12/17,"",,3/18/17 14:09,,http://files.kff.org/attachment/Topline-Kaiser-Health-Tracking-Poll-ACA-Replacement-Plans-Womens-Health,538,36.0,58.0
77810,49560,2017,,Donald Trump,370,Pew Research Center,"","",Pew Research Center,3844,a,a,Live Phone / Online,2/28/17,3/12/17,"",,3/31/17 12:28,,http://assets.pewresearch.org/wp-content/uploads/sites/12/2017/03/30145922/Mode-Study-3-31-2017-TOPLINE.pdf,Huffpost | 538,43.0,55.0
77678,49476,2017,,Donald Trump,169,Gallup,"","",Gallup,1500,a,a,Live Phone,3/9/17,3/11/17,"",TRUE,3/12/17 18:03,,http://www.gallup.com/poll/201617/gallup-daily-trump-job-approval.aspx,Huffpost | Gallup,45.0,49.0
77685,49483,2017,,Donald Trump,744,Ipsos,71,Reuters,Ipsos,579,,lv,Online,3/7/17,3/11/17,"",TRUE,3/14/17 13:24,,http://polling.reuters.com/#poll/CP3_2/filters/LIKELY:1,Reuters,48.8,48.3
77689,49483,2017,,Donald Trump,744,Ipsos,71,Reuters,Ipsos,1682,,a,Online,3/7/17,3/11/17,"",TRUE,3/14/17 13:24,,http://polling.reuters.com/#poll/CP3_2/,Reuters,47.9,46.9
77693,49483,2017,,Donald Trump,744,Ipsos,71,Reuters,Ipsos,1438,,rv,Online,3/7/17,3/11/17,"",TRUE,3/14/17 13:24,,http://polling.reuters.com/#poll/CP3_2/filters/PD1:1,Reuters,49.6,47.0
77746,49520,,,Donald Trump,1027,Saint Leo University,"","",Saint Leo University,1073,a,a,Online,3/3/17,3/11/17,"",,3/22/17 13:30,,http://polls.saintleo.edu/u-s-voters-divided-more-than-ever-saint-leo-university-poll-shows/,Huffpost,44.0,51.0
77675,49474,2017,,Donald Trump,169,Gallup,"","",Gallup,1500,a,a,Live Phone,3/8/17,3/10/17,"",TRUE,3/11/17 16:38,,http://www.gallup.com/poll/201617/gallup-daily-trump-job-approval.aspx,Huffpost | Gallup,44.0,49.0
77686,49484,2017,,Donald Trump,744,Ipsos,71,Reuters,Ipsos,567,,lv,Online,3/6/17,3/10/17,"",TRUE,3/14/17 13:24,,http://polling.reuters.com/#poll/CP3_2/filters/LIKELY:1,Reuters,49.7,47.4
77690,49484,2017,,Donald Trump,744,Ipsos,71,Reuters,Ipsos,1674,,a,Online,3/6/17,3/10/17,"",TRUE,3/14/17 13:24,,http://polling.reuters.com/#poll/CP3_2/,Reuters,48.7,46.2
77694,49484,2017,,Donald Trump,744,Ipsos,71,Reuters,Ipsos,1433,,rv,Online,3/6/17,3/10/17,"",TRUE,3/14/17 13:24,,http://polling.reuters.com/#poll/CP3_2/filters/PD1:1,Reuters,51.5,45.8
77664,49469,2017,,Donald Trump,399,Rasmussen/Pulse Opinion Research,"","",Rasmussen Reports/Pulse Opinion Research,1500,lv,lv,IVR/Online,3/7/17,3/9/17,"",TRUE,3/10/17 12:59,,http://www.rasmussenreports.com/public_content/politics/trump_administration/trump_approval_index_history,Rasmussen | Huffpost | 538,48.0,52.0
77665,49470,2017,,Donald Trump,169,Gallup,"","",Gallup,1500,a,a,Live Phone,3/7/17,3/9/17,"",TRUE,3/10/17 13:06,,http://www.gallup.com/poll/201617/gallup-daily-trump-job-approval.aspx,Huffpost | 538 | Gallup,42.0,52.0
77666,49471,2017,,Donald Trump,744,Ipsos,71,Reuters,Ipsos,1394,,rv,Online,3/5/17,3/9/17,"",TRUE,3/10/17 13:08,,http://polling.reuters.com/#poll/CP3_2/filters/PD1:1,Reuters,51.4,45.6
77669,49471,2017,,Donald Trump,744,Ipsos,71,Reuters,Ipsos,520,,lv,Online,3/5/17,3/9/17,"",TRUE,3/10/17 13:08,,http://polling.reuters.com/#poll/CP3_2/filters/LIKELY:1,Reuters,49.7,46.7
77672,49471,2017,,Donald Trump,744,Ipsos,71,Reuters,Ipsos,1629,,a,Online,3/5/17,3/9/17,"",TRUE,3/10/17 13:08,,http://polling.reuters.com/#poll/CP3_2/,Reuters,49.0,45.3
77676,49475,2017,,Donald Trump,1193,SurveyMonkey,"","",SurveyMonkey,12257,a,a,Online,3/3/17,3/9/17,"",,3/11/17 16:44,,https://drive.google.com/file/d/0BztOs71zt1WpRnRGOFFaWkREN0k/view,538,47.0,52.0
77677,49475,2017,,Donald Trump,1193,SurveyMonkey,"","",SurveyMonkey,8947,a,rv,Online,3/3/17,3/9/17,"",,3/11/17 16:45,,https://drive.google.com/file/d/0BztOs71zt1WpRnRGOFFaWkREN0k/view,538,49.0,50.0
77661,49466,2017,,Donald Trump,399,Rasmussen/Pulse Opinion Research,"","",Rasmussen Reports/Pulse Opinion Research,1500,lv,lv,IVR/Online,3/6/17,3/8/17,"",TRUE,3/9/17 11:46,,http://www.rasmussenreports.com/public_content/politics/trump_administration/trump_approval_index_history,Rasmussen | Huffpost | 538,49.0,51.0
77662,49467,2017,,Donald Trump,169,Gallup,"","",Gallup,1500,a,a,Live Phone,3/6/17,3/8/17,"",TRUE,3/9/17 13:16,,http://www.gallup.com/poll/201617/gallup-daily-trump-job-approval.aspx,Huffpost | Gallup,41.0,53.0
77667,49472,2017,,Donald Trump,744,Ipsos,71,Reuters,Ipsos,1407,,rv,Online,3/4/17,3/8/17,"",TRUE,3/10/17 13:08,,http://polling.reuters.com/#poll/CP3_2/filters/PD1:1,Reuters,50.6,46.1
77670,49472,2017,,Donald Trump,744,Ipsos,71,Reuters,Ipsos,526,,lv,Online,3/4/17,3/8/17,"",TRUE,3/10/17 13:08,,http://polling.reuters.com/#poll/CP3_2/filters/LIKELY:1,Reuters,47.9,47.4
77673,49472,2017,,Donald Trump,744,Ipsos,71,Reuters,Ipsos,1647,,a,Online,3/4/17,3/8/17,"",TRUE,3/10/17 13:08,,http://polling.reuters.com/#poll/CP3_2/,Reuters,48.3,45.6
77659,49465,,,Donald Trump,568,YouGov,352,Economist,YouGov,1500,a,a,Online,3/6/17,3/7/17,"",,3/8/17 14:01,,http://d25d2506sfb94s.cloudfront.net/cumulus_uploads/document/6dlem7baz2/econToplines.pdf,Huffpost,42.0,49.0
77660,49465,2017,,Donald Trump,568,YouGov,352,Economist,YouGov,1359,a,rv,Online,3/6/17,3/7/17,"",,3/8/17 14:25,,https://d25d2506sfb94s.cloudfront.net/cumulus_uploads/document/9deo3n58va/econTabReport.pdf,RCP | 538,44.0,50.0
77653,49462,,,Donald Trump,399,Rasmussen/Pulse Opinion Research,"","",Rasmussen Reports/Pulse Opinion Research,1500,,lv,IVR/Online,3/5/17,3/7/17,"",TRUE,3/8/17 10:44,,http://www.rasmussenreports.com/public_content/politics/trump_administration/trump_approval_index_history,Rasmussen | RCP | Huffpost,49.0,51.0
77655,49464,2017,,Donald Trump,169,Gallup,"","",Gallup,1500,a,a,Live Phone,3/5/17,3/7/17,"",TRUE,3/8/17 13:57,,http://www.gallup.com/poll/201617/gallup-daily-trump-job-approval.aspx,Huffpost | Gallup,42.0,53.0
77668,49473,2017,,Donald Trump,744,Ipsos,71,Reuters,Ipsos,1426,,rv,Online,3/3/17,3/7/17,"",TRUE,3/10/17 13:08,,http://polling.reuters.com/#poll/CP3_2/filters/PD1:1,Reuters,50.1,46.1
77671,49473,2017,,Donald Trump,744,Ipsos,71,Reuters,Ipsos,533,,lv,Online,3/3/17,3/7/17,"",TRUE,3/10/17 13:08,,http://polling.reuters.com/#poll/CP3_2/filters/LIKELY:1,Reuters,47.2,47.7
77674,49473,2017,,Donald Trump,744,Ipsos,71,Reuters,Ipsos,1662,,a,Online,3/3/17,3/7/17,"",TRUE,3/10/17 13:08,,http://polling.reuters.com/#poll/CP3_2/,Reuters,47.6,46.0
77635,49452,2017,,Donald Trump,169,Gallup,"","",Gallup,1500,a,a,Live Phone,3/4/17,3/6/17,"",TRUE,3/7/17 13:23,,http://www.gallup.com/poll/201617/gallup-daily-trump-job-approval.aspx,Gallup | Huffpost | 538,43.0,51.0
77633,49450,,,Donald Trump,399,Rasmussen/Pulse Opinion Research,"","",Rasmussen Reports/Pulse Opinion Research,1500,,lv,IVR/Online,3/2/17,3/6/17,"",TRUE,3/7/17 10:25,,http://www.rasmussenreports.com/public_content/politics/trump_administration/trump_approval_index_history,Rasmussen | RCP | Huffpost,51.0,49.0
77636,49453,2017,,Donald Trump,744,Ipsos,71,Reuters,Ipsos,1450,,rv,Online,3/2/17,3/6/17,"",TRUE,3/7/17 15:05,,http://polling.reuters.com/#poll/CP3_2/filters/PD1:1,Reuters,49.9,46.1
77640,49453,2017,,Donald Trump,744,Ipsos,71,Reuters,Ipsos,539,,lv,Online,3/2/17,3/6/17,"",TRUE,3/7/17 15:07,,http://polling.reuters.com/#poll/CP3_2/filters/LIKELY:1,Reuters,48.1,46.7
77644,49453,2017,,Donald Trump,744,Ipsos,71,Reuters,Ipsos,1679,,a,Online,3/2/17,3/6/17,"",TRUE,3/7/17 15:07,,http://polling.reuters.com/#poll/CP3_2/,Reuters,47.6,46.0
77648,49457,,,Donald Trump,396,Quinnipiac University,"","",Quinnipiac University,1283,rv,rv,Live Phone,3/2/17,3/6/17,"",,3/7/17 15:09,,https://poll.qu.edu/national/release-detail?ReleaseID=2436,RCP | Huffpost | Huffpost | Huffpost,41.0,52.0
77650,49459,,,Donald Trump,1189,Morning Consult,538,Politico,Morning Consult,1992,rv,rv,Online,3/2/17,3/6/17,"",,3/8/17 10:44,,https://morningconsult.com/2017/03/08/poll-americans-dont-want-budget-cuts-government-agencies/,Huffpost,50.0,45.0
77630,49448,2017,,Donald Trump,169,Gallup,"","",Gallup,1500,a,a,Live Phone,3/3/17,3/5/17,"",TRUE,3/6/17 13:07,,http://www.gallup.com/poll/201617/gallup-daily-trump-job-approval.aspx,Gallup | Huffpost | 538,44.0,50.0
77631,49449,,,Donald Trump,320,Monmouth University,"","",Monmouth University,801,a,a,Live Phone,3/2/17,3/5/17,"",,3/6/17 13:10,,https://www.monmouth.edu/polling-institute/reports/MonmouthPoll_US_030617/,Huffpost,43.0,46.0
77632,49449,2017,,Donald Trump,320,Monmouth University,"","",Monmouth University,722,a,rv,Live Phone,3/2/17,3/5/17,"",,3/6/17 13:21,,https://www.monmouth.edu/WorkArea/DownloadAsset.aspx?id=40802213454,RCP | 538,44.0,46.0
77627,49445,2017,,Donald Trump,399,Rasmussen/Pulse Opinion Research,"","",Rasmussen Reports/Pulse Opinion Research,1500,lv,lv,IVR/Online,3/1/17,3/5/17,"",TRUE,3/6/17 10:30,,http://www.rasmussenreports.com/public_content/politics/trump_administration/trump_approval_index_history,Rasmussen | Huffpost | RCP | 538,52.0,48.0
77637,49454,2017,,Donald Trump,744,Ipsos,71,Reuters,Ipsos,1451,,rv,Online,3/1/17,3/5/17,"",TRUE,3/7/17 15:05,,http://polling.reuters.com/#poll/CP3_2/filters/PD1:1,Reuters,48.8,46.9
77641,49454,2017,,Donald Trump,744,Ipsos,71,Reuters,Ipsos,543,,lv,Online,3/1/17,3/5/17,"",TRUE,3/7/17 15:07,,http://polling.reuters.com/#poll/CP3_2/filters/LIKELY:1,Reuters,47.0,47.7
77645,49454,2017,,Donald Trump,744,Ipsos,71,Reuters,Ipsos,1673,,a,Online,3/1/17,3/5/17,"",TRUE,3/7/17 15:07,,http://polling.reuters.com/#poll/CP3_2/,Reuters,46.8,46.7
77649,49458,,,Donald Trump,458,Suffolk University,135,USA Today,Suffolk University,1000,rv,rv,Live Phone,3/1/17,3/5/17,"",,3/7/17 15:13,,http://www.suffolk.edu/academics/10741.php,RCP | Huffpost,47.0,44.0
77652,49461,,,Donald Trump,1193,SurveyMonkey,"","",SurveyMonkey,4551,a,a,Online,3/1/17,3/5/17,"",,3/8/17 10:44,,https://blog.electiontracking.surveymonkey.com/2017/03/07/trumps-speech-approval-uptick-opinion-headwinds/,Huffpost,48.0,51.0
77626,49444,2017,,Donald Trump,169,Gallup,"","",Gallup,1500,a,a,Live Phone,3/2/17,3/4/17,"",TRUE,3/5/17 16:09,,http://www.gallup.com/poll/201617/gallup-daily-trump-job-approval.aspx,Gallup | Huffpost | 538,43.0,50.0
77628,49446,2017,,Donald Trump,100,CNN/Opinion Research Corp.,143,CNN,CNN/Opinion Research Corp.,1025,a,a,Live Phone,3/1/17,3/4/17,"",,3/6/17 10:30,,"http://i2.cdn.turner.com/cnn/2017/images/03/05/rel4a.-.trump,.russia.pdf",Huffpost | Huffpost | Huffpost | Huffpost | RCP | 538,45.0,52.0
77638,49455,2017,,Donald Trump,744,Ipsos,71,Reuters,Ipsos,1486,,rv,Online,2/28/17,3/4/17,"",TRUE,3/7/17 15:05,,http://polling.reuters.com/#poll/CP3_2/filters/PD1:1,Reuters,47.2,48.6
77642,49455,2017,,Donald Trump,744,Ipsos,71,Reuters,Ipsos,551,,lv,Online,2/28/17,3/4/17,"",TRUE,3/7/17 15:07,,http://polling.reuters.com/#poll/CP3_2/filters/LIKELY:1,Reuters,46.2,48.5
77646,49455,2017,,Donald Trump,744,Ipsos,71,Reuters,Ipsos,1729,,a,Online,2/28/17,3/4/17,"",TRUE,3/7/17 15:07,,http://polling.reuters.com/#poll/CP3_2/,Reuters,45.4,48.2
77634,49451,,,Donald Trump,228,IBD/TIPP,375,Investor's Business Daily,IBD/TIPP,909,a,a,,2/24/17,3/4/17,"",,3/7/17 10:26,,http://www.investors.com/politics/public-turned-off-by-medias-relentlessly-negative-coverage-of-trump-ibdtipp-poll/,RCP,41.0,53.0
77625,49443,2017,,Donald Trump,169,Gallup,"","",Gallup,1500,a,a,Live Phone,3/1/17,3/3/17,"",TRUE,3/5/17 16:09,,http://www.gallup.com/poll/201617/gallup-daily-trump-job-approval.aspx,Gallup | Huffpost | 538,43.0,51.0
77639,49456,2017,,Donald Trump,744,Ipsos,71,Reuters,Ipsos,1468,,rv,Online,2/27/17,3/3/17,"",TRUE,3/7/17 15:05,,http://polling.reuters.com/#poll/CP3_2/filters/PD1:1,Reuters,46.9,49.3
77643,49456,2017,,Donald Trump,744,Ipsos,71,Reuters,Ipsos,524,,lv,Online,2/27/17,3/3/17,"",TRUE,3/7/17 15:07,,http://polling.reuters.com/#poll/CP3_2/filters/LIKELY:1,Reuters,47.3,48.6
77647,49456,2017,,Donald Trump,744,Ipsos,71,Reuters,Ipsos,1713,,a,Online,2/27/17,3/3/17,"",TRUE,3/7/17 15:07,,http://polling.reuters.com/#poll/CP3_2/,Reuters,45.6,48.7
77612,49437,2017,,Donald Trump,399,Rasmussen/Pulse Opinion Research,"","",Rasmussen Reports/Pulse Opinion Research,1500,lv,lv,IVR/Online,2/28/17,3/2/17,"",TRUE,3/3/17 10:32,,http://www.rasmussenreports.com/public_content/politics/trump_administration/trump_approval_index_history,Rasmussen | 538 | RCP | Huffpost,53.0,47.0
77613,49438,2017,,Donald Trump,169,Gallup,"","",Gallup,1500,a,a,Live Phone,2/28/17,3/2/17,"",TRUE,3/3/17 14:52,,http://www.gallup.com/poll/201617/gallup-daily-trump-job-approval.aspx,Gallup | Huffpost | 538,43.0,51.0
77618,49442,2017,,Donald Trump,744,Ipsos,71,Reuters,Ipsos,505,,lv,Online,2/26/17,3/2/17,"",TRUE,3/3/17 15:12,,http://polling.reuters.com/#poll/CP3_2/filters/LIKELY:1,Reuters,47.2,48.2
77621,49442,2017,,Donald Trump,744,Ipsos,71,Reuters,Ipsos,1699,,a,Online,2/26/17,3/2/17,"",TRUE,3/3/17 15:12,,http://polling.reuters.com/#poll/CP3_2/,Reuters,45.8,48.8
77622,49442,2017,,Donald Trump,744,Ipsos,71,Reuters,Ipsos,1458,,rv,Online,2/26/17,3/2/17,"",TRUE,3/3/17 15:12,,http://polling.reuters.com/#poll/CP3_2/filters/PD1:1,Reuters,46.8,49.5
77608,49434,2017,,Donald Trump,399,Rasmussen/Pulse Opinion Research,"","",Rasmussen Reports/Pulse Opinion Research,1500,lv,lv,IVR/Online,2/27/17,3/1/17,"",TRUE,3/2/17 11:09,,http://www.rasmussenreports.com/public_content/politics/trump_administration/trump_approval_index_history,Rasmussen | RCP | Huffpost | 538,52.0,48.0
77609,49435,2017,,Donald Trump,169,Gallup,"","",Gallup,1500,a,a,Live Phone,2/27/17,3/1/17,"",TRUE,3/2/17 15:03,,http://www.gallup.com/poll/201617/gallup-daily-trump-job-approval.aspx,Gallup | Huffpost | 538,43.0,51.0
77606,49433,2017,,Donald Trump,568,YouGov,352,Economist,YouGov,1500,a,a,Online,2/25/17,3/1/17,"",,3/2/17 11:05,,https://d25d2506sfb94s.cloudfront.net/cumulus_uploads/document/qai0kpu1rl/econTabReport.pdf,Huffpost | Huffpost | Huffpost | Huffpost | 538,41.0,50.0
77607,49433,2017,,Donald Trump,568,YouGov,352,Economist,YouGov,1251,a,rv,Online,2/25/17,3/1/17,"",,3/2/17 11:07,,https://d25d2506sfb94s.cloudfront.net/cumulus_uploads/document/qai0kpu1rl/econTabReport.pdf,RCP | 538,45.0,51.0
77616,49440,2017,,Donald Trump,744,Ipsos,71,Reuters,Ipsos,1438,,rv,Online,2/25/17,3/1/17,"",TRUE,3/3/17 15:12,,http://polling.reuters.com/#poll/CP3_2/filters/PD1:1,Reuters,46.7,49.8
77619,49440,2017,,Donald Trump,744,Ipsos,71,Reuters,Ipsos,494,,lv,Online,2/25/17,3/1/17,"",TRUE,3/3/17 15:12,,http://polling.reuters.com/#poll/CP3_2/filters/LIKELY:1,Reuters,49.4,46.4
77623,49440,2017,,Donald Trump,744,Ipsos,71,Reuters,Ipsos,1687,,a,Online,2/25/17,3/1/17,"",TRUE,3/3/17 15:48,,http://polling.reuters.com/#poll/CP3_2/,Reuters,45.7,49.2
77473,49379,,,Donald Trump,399,Rasmussen/Pulse Opinion Research,"","",Rasmussen Reports/Pulse Opinion Research,1500,,lv,IVR/Online,2/26/17,2/28/17,"",TRUE,3/1/17 10:25,,http://www.rasmussenreports.com/public_content/politics/trump_administration/trump_approval_index_history,Rasmussen | RCP | Huffpost,50.0,50.0
77604,49431,2017,,Donald Trump,169,Gallup,"","",Gallup,1500,a,a,Live Phone,2/26/17,2/28/17,"",TRUE,3/1/17 17:53,,http://www.gallup.com/poll/201617/gallup-daily-trump-job-approval.aspx,Gallup | 538 | Huffpost,43.0,52.0
77617,49441,2017,,Donald Trump,744,Ipsos,71,Reuters,Ipsos,1592,,rv,Online,2/24/17,2/28/17,"",TRUE,3/3/17 15:12,,http://polling.reuters.com/#poll/CP3_2/filters/PD1:1,Reuters,47.6,48.5
77620,49441,2017,,Donald Trump,744,Ipsos,71,Reuters,Ipsos,566,,lv,Online,2/24/17,2/28/17,"",TRUE,3/3/17 15:12,,http://polling.reuters.com/#poll/CP3_2/filters/LIKELY:1,Reuters,47.8,47.2
77624,49441,2017,,Donald Trump,744,Ipsos,71,Reuters,Ipsos,1847,,a,Online,2/24/17,2/28/17,"",TRUE,3/3/17 15:48,,http://polling.reuters.com/#poll/CP3_2/,Huffpost | Huffpost | Huffpost | Huffpost | Reuters,46.1,48.4
77460,49374,2017,,Donald Trump,169,Gallup,"","",Gallup,1500,a,a,Live Phone,2/25/17,2/27/17,"",TRUE,2/28/17 21:06,,http://www.gallup.com/poll/201617/gallup-daily-trump-job-approval.aspx,Gallup | Huffpost | 538,42.0,54.0
77459,49373,,,Donald Trump,399,Rasmussen/Pulse Opinion Research,"","",Rasmussen Reports/Pulse Opinion Research,1500,,lv,,2/23/17,2/27/17,"",TRUE,2/28/17 20:40,,http://www.rasmussenreports.com/public_content/politics/trump_administration/trump_approval_index_history,Rasmussen | Huffpost | RCP,50.0,50.0
77487,49392,2017,,Donald Trump,744,Ipsos,71,Reuters,Ipsos,1566,,rv,Online,2/23/17,2/27/17,"",TRUE,3/1/17 17:51,,http://polling.reuters.com/#poll/CP3_2/filters/PD1:1,Reuters,47.7,48.1
77526,49392,2017,,Donald Trump,744,Ipsos,71,Reuters,Ipsos,573,,lv,Online,2/23/17,2/27/17,"",TRUE,3/1/17 17:53,,http://polling.reuters.com/#poll/CP3_2/filters/LIKELY:1,Reuters,46.5,47.9
77565,49392,2017,,Donald Trump,744,Ipsos,71,Reuters,Ipsos,1807,,a,Online,2/23/17,2/27/17,"",TRUE,3/1/17 17:53,,http://polling.reuters.com/#poll/CP3_2/,Reuters,46.1,48.3
77451,49370,2017,,Donald Trump,169,Gallup,"","",Gallup,1500,a,a,Live Phone,2/24/17,2/26/17,"",TRUE,2/27/17 21:36,,http://www.gallup.com/poll/201617/gallup-daily-trump-job-approval.aspx,Gallup | Huffpost | 538,42.0,54.0
77474,49380,,,Donald Trump,1189,Morning Consult,538,Politico,Morning Consult,2000,rv,rv,Online,2/24/17,2/26/17,"",,3/1/17 10:25,,https://morningconsult.com/2017/02/28/trump-joint-session-speech-campaign-promises/,Huffpost,50.0,45.0
77453,49372,,,Donald Trump,399,Rasmussen/Pulse Opinion Research,"","",Rasmussen Reports/Pulse Opinion Research,1500,,lv,IVR/Online,2/22/17,2/26/17,"",TRUE,2/27/17 21:37,,http://www.rasmussenreports.com/public_content/politics/trump_administration/trump_approval_index_history,Rasmussen | Huffpost | RCP,51.0,49.0
77488,49393,2017,,Donald Trump,744,Ipsos,71,Reuters,Ipsos,1569,,rv,Online,2/22/17,2/26/17,"",TRUE,3/1/17 17:51,,http://polling.reuters.com/#poll/CP3_2/filters/PD1:1,Reuters,47.5,47.3
77527,49393,2017,,Donald Trump,744,Ipsos,71,Reuters,Ipsos,580,,lv,Online,2/22/17,2/26/17,"",TRUE,3/1/17 17:53,,http://polling.reuters.com/#poll/CP3_2/filters/LIKELY:1,Reuters,46.0,48.6
77566,49393,2017,,Donald Trump,744,Ipsos,71,Reuters,Ipsos,1810,,a,Online,2/22/17,2/26/17,"",TRUE,3/1/17 17:53,,http://polling.reuters.com/#poll/CP3_2/,Reuters,45.6,48.2
77343,49327,2017,,Donald Trump,169,Gallup,"","",Gallup,1500,a,a,Live Phone,2/23/17,2/25/17,"",TRUE,2/26/17 19:35,,http://www.gallup.com/poll/201617/gallup-daily-trump-job-approval.aspx,Gallup | 538 | Huffpost,41.0,54.0
77489,49394,2017,,Donald Trump,744,Ipsos,71,Reuters,Ipsos,1620,,rv,Online,2/21/17,2/25/17,"",TRUE,3/1/17 17:51,,http://polling.reuters.com/#poll/CP3_2/filters/PD1:1,Reuters,47.0,47.4
77528,49394,2017,,Donald Trump,744,Ipsos,71,Reuters,Ipsos,621,,lv,Online,2/21/17,2/25/17,"",TRUE,3/1/17 17:53,,http://polling.reuters.com/#poll/CP3_2/filters/LIKELY:1,Reuters,45.3,48.7
77567,49394,2017,,Donald Trump,744,Ipsos,71,Reuters,Ipsos,1876,,a,Online,2/21/17,2/25/17,"",TRUE,3/1/17 17:53,,http://polling.reuters.com/#poll/CP3_2/,Reuters,45.1,47.9
77347,49331,2017,,Donald Trump,169,Gallup,"","",Gallup,1500,a,a,Live Phone,2/22/17,2/24/17,"",TRUE,2/26/17 19:35,,http://www.gallup.com/poll/201617/gallup-daily-trump-job-approval.aspx,538 | Huffpost,41.0,53.0
77490,49395,2017,,Donald Trump,744,Ipsos,71,Reuters,Ipsos,1616,,rv,Online,2/20/17,2/24/17,"",TRUE,3/1/17 17:51,,http://polling.reuters.com/#poll/CP3_2/filters/PD1:1,Reuters,47.0,47.9
77529,49395,2017,,Donald Trump,744,Ipsos,71,Reuters,Ipsos,638,,lv,Online,2/20/17,2/24/17,"",TRUE,3/1/17 17:53,,http://polling.reuters.com/#poll/CP3_2/filters/LIKELY:1,Reuters,42.3,51.7
77568,49395,2017,,Donald Trump,744,Ipsos,71,Reuters,Ipsos,1867,,a,Online,2/20/17,2/24/17,"",TRUE,3/1/17 17:53,,http://polling.reuters.com/#poll/CP3_2/,Reuters,45.1,48.0
77333,49317,2017,,Donald Trump,399,Rasmussen/Pulse Opinion Research,"","",Rasmussen Reports/Pulse Opinion Research,1500,lv,lv,IVR/Online,2/21/17,2/23/17,"",TRUE,2/26/17 19:21,,http://www.rasmussenreports.com/public_content/politics/trump_administration/trump_approval_index_history,Rasmussen | 538 | RCP | Huffpost,53.0,47.0
77335,49319,2017,,Donald Trump,169,Gallup,"","",Gallup,1500,a,a,Live Phone,2/21/17,2/23/17,"",TRUE,2/26/17 19:21,,http://www.gallup.com/poll/201617/gallup-daily-trump-job-approval.aspx,538 | Huffpost,43.0,52.0
77491,49396,2017,,Donald Trump,744,Ipsos,71,Reuters,Ipsos,1409,,rv,Online,2/19/17,2/23/17,"",TRUE,3/1/17 17:51,,http://polling.reuters.com/#poll/CP3_2/filters/PD1:1,Reuters,46.9,48.2
77530,49396,2017,,Donald Trump,744,Ipsos,71,Reuters,Ipsos,513,,lv,Online,2/19/17,2/23/17,"",TRUE,3/1/17 17:53,,http://polling.reuters.com/#poll/CP3_2/filters/LIKELY:1,Reuters,43.1,49.8
77569,49396,2017,,Donald Trump,744,Ipsos,71,Reuters,Ipsos,1651,,a,Online,2/19/17,2/23/17,"",TRUE,3/1/17 17:53,,http://polling.reuters.com/#poll/CP3_2/,Reuters,45.8,47.3
77346,49330,,,Donald Trump,1193,SurveyMonkey,"","",SurveyMonkey,10639,a,a,Online,2/17/17,2/23/17,"",,2/26/17 19:35,,https://drive.google.com/file/d/0BztOs71zt1WpMmR6UnY1dExBa3M/view?usp=sharing,Huffpost,44.0,54.0
77454,49330,2017,,Donald Trump,1193,SurveyMonkey,"","",SurveyMonkey,9657,a,rv,Online,2/17/17,2/23/17,"",,2/28/17 06:39,,https://drive.google.com/file/d/0BztOs71zt1WpMmR6UnY1dExBa3M/view,538,45.0,54.0
77340,49324,,,Donald Trump,383,Public Policy Polling,"","",Public Policy Polling,941,rv,rv,IVR/Online,2/21/17,2/22/17,"",,2/26/17 19:34,,http://www.publicpolicypolling.com/pdf/2017/PPP_Release_National_22417.pdf,RCP | Huffpost,45.0,48.0
77336,49320,2017,,Donald Trump,169,Gallup,"","",Gallup,1500,a,a,Live Phone,2/20/17,2/22/17,"",TRUE,2/26/17 19:21,,http://www.gallup.com/poll/201617/gallup-daily-trump-job-approval.aspx,538 | Huffpost,43.0,52.0
77345,49329,2017,,Donald Trump,399,Rasmussen/Pulse Opinion Research,"","",Rasmussen Reports/Pulse Opinion Research,1500,lv,lv,IVR/Online,2/20/17,2/22/17,"",TRUE,2/26/17 19:35,,http://www.rasmussenreports.com/public_content/politics/trump_administration/trump_approval_index_history,Rasmussen | 538 | RCP | Huffpost,52.0,47.0
77341,49325,,,Donald Trump,568,YouGov,352,Economist,YouGov,1500,a,a,Online,2/18/17,2/22/17,"",,2/26/17 19:34,,http://d25d2506sfb94s.cloudfront.net/cumulus_uploads/document/fu3pv5rt9s/econToplines.pdf,Huffpost,43.0,46.0
77349,49325,,,Donald Trump,568,YouGov,352,Economist,YouGov,1198,a,rv,Online,2/18/17,2/22/17,"",,2/26/17 19:37,,http://d25d2506sfb94s.cloudfront.net/cumulus_uploads/document/fu3pv5rt9s/econToplines.pdf,RCP,48.0,48.0
77342,49326,,,Donald Trump,335,NBC News/Wall Street Journal,"132,276",NBC News | Wall Street Journal,NBC News/Wall Street Journal,1000,a,a,Live Phone,2/18/17,2/22/17,"",,2/26/17 19:35,,https://www.scribd.com/document/340335355/17057-NBCWSJ-February-Poll,RCP | Huffpost,44.0,48.0
77492,49397,2017,,Donald Trump,744,Ipsos,71,Reuters,Ipsos,1300,,rv,Online,2/18/17,2/22/17,"",TRUE,3/1/17 17:53,,http://polling.reuters.com/#poll/CP3_2/filters/PD1:1,Reuters,47.2,48.3
77531,49397,2017,,Donald Trump,744,Ipsos,71,Reuters,Ipsos,452,,lv,Online,2/18/17,2/22/17,"",TRUE,3/1/17 17:53,,http://polling.reuters.com/#poll/CP3_2/filters/LIKELY:1,Reuters,44.1,49.0
77570,49397,2017,,Donald Trump,744,Ipsos,71,Reuters,Ipsos,1524,,a,Online,2/18/17,2/22/17,"",TRUE,3/1/17 17:53,,http://polling.reuters.com/#poll/CP3_2/,Reuters,46.0,47.1
77339,49323,2017,,Donald Trump,399,Rasmussen/Pulse Opinion Research,"","",Rasmussen Reports/Pulse Opinion Research,1500,lv,lv,IVR/Online,2/19/17,2/21/17,"",TRUE,2/26/17 19:32,,http://www.rasmussenreports.com/public_content/politics/trump_administration/trump_approval_index_history,Rasmussen | 538 | RCP | Huffpost,51.0,49.0
77344,49328,2017,,Donald Trump,169,Gallup,"","",Gallup,1500,a,a,Live Phone,2/19/17,2/21/17,"",TRUE,2/26/17 19:35,,http://www.gallup.com/poll/201617/gallup-daily-trump-job-approval.aspx,538 | Huffpost,42.0,52.0
77332,49316,,,Donald Trump,79,CBS News/New York Times,133,CBS News,CBS News/New York Times,1280,a,a,Live Phone,2/17/17,2/21/17,"",,2/26/17 19:21,,http://www.cbsnews.com/news/poll-immigration-is-most-important-problem-for-trump-and-congress/,Huffpost,39.0,51.0
77493,49398,2017,,Donald Trump,744,Ipsos,71,Reuters,Ipsos,1987,,rv,Online,2/17/17,2/21/17,"",TRUE,3/1/17 17:53,,http://polling.reuters.com/#poll/CP3_2/filters/PD1:1,Reuters,46.7,50.1
77532,49398,2017,,Donald Trump,744,Ipsos,71,Reuters,Ipsos,634,,lv,Online,2/17/17,2/21/17,"",TRUE,3/1/17 17:53,,http://polling.reuters.com/#poll/CP3_2/filters/LIKELY:1,Reuters,43.5,51.6
77571,49398,2017,,Donald Trump,744,Ipsos,71,Reuters,Ipsos,2341,,a,Online,2/17/17,2/21/17,"",TRUE,3/1/17 17:53,,http://polling.reuters.com/#poll/CP3_2/,Huffpost | Reuters,45.1,50.0
77334,49318,,,Donald Trump,396,Quinnipiac University,"","",Quinnipiac University,1323,rv,rv,Live Phone,2/16/17,2/21/17,"",,2/26/17 19:21,,https://poll.qu.edu/national/release-detail?ReleaseID=2431,RCP | Huffpost,38.0,55.0
77328,49312,2017,,Donald Trump,169,Gallup,"","",Gallup,1500,a,a,Live Phone,2/18/17,2/20/17,"",TRUE,2/21/17 13:54,,http://www.gallup.com/poll/201617/gallup-daily-trump-job-approval.aspx,538 | Huffpost,41.0,53.0
77329,49313,,,Donald Trump,23,American Research Group,"","",American Research Group,1100,a,a,Live Phone,2/17/17,2/20/17,"",,2/21/17 13:54,,http://americanresearchgroup.com/economy/,Huffpost,43.0,51.0
77327,49311,2017,,Donald Trump,399,Rasmussen/Pulse Opinion Research,"","",Rasmussen Reports/Pulse Opinion Research,1500,lv,lv,IVR/Online,2/16/17,2/20/17,"",TRUE,2/21/17 13:54,,http://www.rasmussenreports.com/public_content/politics/trump_administration/trump_approval_index_history,Rasmussen | Rasmussen | 538 | RCP | Huffpost,50.0,50.0
77494,49399,2017,,Donald Trump,744,Ipsos,71,Reuters,Ipsos,1908,,rv,Online,2/16/17,2/20/17,"",TRUE,3/1/17 17:53,,http://polling.reuters.com/#poll/CP3_2/filters/PD1:1,Reuters,47.9,49.3
77533,49399,2017,,Donald Trump,744,Ipsos,71,Reuters,Ipsos,587,,lv,Online,2/16/17,2/20/17,"",TRUE,3/1/17 17:53,,http://polling.reuters.com/#poll/CP3_2/filters/LIKELY:1,Reuters,44.5,50.8
77572,49399,2017,,Donald Trump,744,Ipsos,71,Reuters,Ipsos,2261,,a,Online,2/16/17,2/20/17,"",TRUE,3/1/17 17:53,,http://polling.reuters.com/#poll/CP3_2/,Reuters,45.5,49.9
77326,49310,2017,,Donald Trump,169,Gallup,"","",Gallup,1500,a,a,Live Phone,2/17/17,2/19/17,"",TRUE,2/21/17 13:54,,http://www.gallup.com/poll/201617/gallup-daily-trump-job-approval.aspx,538 | Huffpost,42.0,53.0
77337,49321,,,Donald Trump,1189,Morning Consult,538,Politico,Morning Consult,2013,rv,rv,Online,2/16/17,2/19/17,"",,2/26/17 19:21,,https://morningconsult.com/2017/02/22/voters-expecting-trumps-first-month-office/,Huffpost,49.0,44.0
77321,49305,2017,,Donald Trump,399,Rasmussen/Pulse Opinion Research,"","",Rasmussen Reports/Pulse Opinion Research,1500,lv,lv,IVR/Online,2/15/17,2/19/17,"",TRUE,2/20/17 12:01,,http://www.rasmussenreports.com/public_content/politics/trump_administration/trump_approval_index_history,538 | RCP | Huffpost,51.0,49.0
77331,49315,,,Donald Trump,1205,Marist College,360,McClatchy Newspapers,Marist College,864,a,rv,Live Phone,2/15/17,2/19/17,"",,2/26/17 19:21,,http://www.mcclatchydc.com/news/politics-government/white-house/article134111259.html,RCP | Huffpost,41.0,49.0
77495,49400,2017,,Donald Trump,744,Ipsos,71,Reuters,Ipsos,1937,,rv,Online,2/15/17,2/19/17,"",TRUE,3/1/17 17:53,,http://polling.reuters.com/#poll/CP3_2/filters/PD1:1,Reuters,47.5,49.9
77534,49400,2017,,Donald Trump,744,Ipsos,71,Reuters,Ipsos,590,,lv,Online,2/15/17,2/19/17,"",TRUE,3/1/17 17:53,,http://polling.reuters.com/#poll/CP3_2/filters/LIKELY:1,Reuters,46.3,50.5
77573,49400,2017,,Donald Trump,744,Ipsos,71,Reuters,Ipsos,2291,,a,Online,2/15/17,2/19/17,"",TRUE,3/1/17 17:53,,http://polling.reuters.com/#poll/CP3_2/,Reuters,45.3,50.5
77330,49314,,,Donald Trump,1193,SurveyMonkey,132,NBC News,SurveyMonkey,11512,a,a,Online,2/13/17,2/19/17,"",,2/26/17 19:21,,http://www.nbcnews.com/feature/data-points/poll-majority-americans-worried-about-war-feel-favorably-toward-nato-n723931,Huffpost,43.0,54.0
77325,49309,,,Donald Trump,568,YouGov,469,Huffington Post,YouGov,1000,a,a,Online,2/17/17,2/18/17,"",,2/21/17 13:54,,http://big.assets.huffingtonpost.com/tabsHPPresidentTrump20170218.pdf,Huffpost,41.0,47.0
77315,49299,2017,,Donald Trump,169,Gallup,"","",Gallup,1500,a,a,Live Phone,2/16/17,2/18/17,"",TRUE,2/20/17 12:01,,http://www.gallup.com/poll/201617/gallup-daily-trump-job-approval.aspx,538 | Huffpost,41.0,55.0
77496,49401,2017,,Donald Trump,744,Ipsos,71,Reuters,Ipsos,1984,,rv,Online,2/14/17,2/18/17,"",TRUE,3/1/17 17:53,,http://polling.reuters.com/#poll/CP3_2/filters/PD1:1,Reuters,46.7,51.0
77535,49401,2017,,Donald Trump,744,Ipsos,71,Reuters,Ipsos,643,,lv,Online,2/14/17,2/18/17,"",TRUE,3/1/17 17:53,,http://polling.reuters.com/#poll/CP3_2/filters/LIKELY:1,Reuters,45.2,52.3
77574,49401,2017,,Donald Trump,744,Ipsos,71,Reuters,Ipsos,2334,,a,Online,2/14/17,2/18/17,"",TRUE,3/1/17 17:53,,http://polling.reuters.com/#poll/CP3_2/,Reuters,44.3,52.1
77317,49301,2017,,Donald Trump,169,Gallup,"","",Gallup,1500,a,a,Live Phone,2/15/17,2/17/17,"",TRUE,2/20/17 12:01,,http://www.gallup.com/poll/201617/gallup-daily-trump-job-approval.aspx,538 | Huffpost,40.0,55.0
77322,49306,,,Donald Trump,1193,SurveyMonkey,"","",SurveyMonkey,9163,a,a,Online,2/13/17,2/17/17,"",,2/20/17 12:02,,https://blog.electiontracking.surveymonkey.com/2017/02/17/trump-approval-february-13-17/,Huffpost,45.0,53.0
77455,49306,2017,,Donald Trump,1193,SurveyMonkey,"","",SurveyMonkey,8416,a,rv,Online,2/13/17,2/17/17,"",,2/28/17 06:39,,https://drive.google.com/file/d/0B83Vpfes67zfUGtRQ1pxWTdKS0E/view,538,47.0,53.0
77497,49402,2017,,Donald Trump,744,Ipsos,71,Reuters,Ipsos,2145,,rv,Online,2/13/17,2/17/17,"",TRUE,3/1/17 17:53,,http://polling.reuters.com/#poll/CP3_2/filters/PD1:1,Reuters,47.4,50.2
77536,49402,2017,,Donald Trump,744,Ipsos,71,Reuters,Ipsos,708,,lv,Online,2/13/17,2/17/17,"",TRUE,3/1/17 17:53,,http://polling.reuters.com/#poll/CP3_2/filters/LIKELY:1,Reuters,46.0,51.3
77575,49402,2017,,Donald Trump,744,Ipsos,71,Reuters,Ipsos,2512,,a,Online,2/13/17,2/17/17,"",TRUE,3/1/17 17:53,,http://polling.reuters.com/#poll/CP3_2/,Reuters,45.1,51.1
77313,49297,2017,,Donald Trump,169,Gallup,"","",Gallup,1500,a,a,Live Phone,2/14/17,2/16/17,"",TRUE,2/20/17 12:00,,http://www.gallup.com/poll/201617/gallup-daily-trump-job-approval.aspx,538 | Huffpost,38.0,56.0
77316,49300,2017,,Donald Trump,399,Rasmussen/Pulse Opinion Research,"","",Rasmussen Reports/Pulse Opinion Research,1500,lv,lv,IVR/Online,2/14/17,2/16/17,"",TRUE,2/20/17 12:01,,http://www.rasmussenreports.com/public_content/politics/trump_administration/trump_approval_index_history,Rasmussen | 538 | RCP | Huffpost,55.0,45.0
77498,49403,2017,,Donald Trump,744,Ipsos,71,Reuters,Ipsos,1485,,rv,Online,2/12/17,2/16/17,"",TRUE,3/1/17 17:53,,http://polling.reuters.com/#poll/CP3_2/filters/PD1:1,Reuters,48.2,49.1
77537,49403,2017,,Donald Trump,744,Ipsos,71,Reuters,Ipsos,545,,lv,Online,2/12/17,2/16/17,"",TRUE,3/1/17 17:53,,http://polling.reuters.com/#poll/CP3_2/filters/LIKELY:1,Reuters,47.3,49.0
77576,49403,2017,,Donald Trump,744,Ipsos,71,Reuters,Ipsos,1718,,a,Online,2/12/17,2/16/17,"",TRUE,3/1/17 17:53,,http://polling.reuters.com/#poll/CP3_2/,Reuters,45.9,50.2
77318,49302,2017,,Donald Trump,399,Rasmussen/Pulse Opinion Research,"","",Rasmussen Reports/Pulse Opinion Research,1500,lv,lv,IVR/Online,2/13/17,2/15/17,"",TRUE,2/20/17 12:01,,http://www.rasmussenreports.com/public_content/politics/trump_administration/trump_approval_index_history,Rasmussen | 538 | RCP | Huffpost,55.0,45.0
77319,49303,2017,,Donald Trump,169,Gallup,"","",Gallup,1500,a,a,Live Phone,2/13/17,2/15/17,"",TRUE,2/20/17 12:01,,http://www.gallup.com/poll/201617/gallup-daily-trump-job-approval.aspx,538 | Huffpost,40.0,54.0
77499,49404,2017,,Donald Trump,744,Ipsos,71,Reuters,Ipsos,1534,,rv,Online,2/11/17,2/15/17,"",TRUE,3/1/17 17:53,,http://polling.reuters.com/#poll/CP3_2/filters/PD1:1,Reuters,46.7,50.5
77538,49404,2017,,Donald Trump,744,Ipsos,71,Reuters,Ipsos,574,,lv,Online,2/11/17,2/15/17,"",TRUE,3/1/17 17:53,,http://polling.reuters.com/#poll/CP3_2/filters/LIKELY:1,Reuters,49.2,46.7
77577,49404,2017,,Donald Trump,744,Ipsos,71,Reuters,Ipsos,1766,,a,Online,2/11/17,2/15/17,"",TRUE,3/1/17 17:53,,http://polling.reuters.com/#poll/CP3_2/,Reuters,45.8,50.4
77309,49294,2017,,Donald Trump,399,Rasmussen/Pulse Opinion Research,"","",Rasmussen Reports/Pulse Opinion Research,1500,lv,lv,IVR/Online,2/12/17,2/14/17,"",TRUE,2/15/17 11:49,,http://www.rasmussenreports.com/public_content/politics/trump_administration/trump_approval_index_history,Rasmussen | 538 | RCP | Huffpost,53.0,47.0
77310,49295,,,Donald Trump,568,YouGov,352,Economist,YouGov,1500,a,a,Online,2/12/17,2/14/17,"",,2/15/17 11:49,,http://d25d2506sfb94s.cloudfront.net/cumulus_uploads/document/5amsxmrtih/econToplines.pdf,Huffpost,43.0,47.0
77312,49295,,,Donald Trump,568,YouGov,352,Economist,YouGov,1100,a,rv,Online,2/12/17,2/14/17,"",,2/15/17 12:17,,http://d25d2506sfb94s.cloudfront.net/cumulus_uploads/document/5amsxmrtih/econToplines.pdf,RCP,46.0,49.0
77314,49298,2017,,Donald Trump,169,Gallup,"","",Gallup,1500,a,a,Live Phone,2/12/17,2/14/17,"",TRUE,2/20/17 12:01,,http://www.gallup.com/poll/201617/gallup-daily-trump-job-approval.aspx,538 | Huffpost,40.0,53.0
77500,49405,2017,,Donald Trump,744,Ipsos,71,Reuters,Ipsos,1547,,rv,Online,2/10/17,2/14/17,"",TRUE,3/1/17 17:53,,http://polling.reuters.com/#poll/CP3_2/filters/PD1:1,Reuters,46.8,50.6
77539,49405,2017,,Donald Trump,744,Ipsos,71,Reuters,Ipsos,582,,lv,Online,2/10/17,2/14/17,"",TRUE,3/1/17 17:53,,http://polling.reuters.com/#poll/CP3_2/filters/LIKELY:1,Reuters,47.2,48.4
77578,49405,2017,,Donald Trump,744,Ipsos,71,Reuters,Ipsos,1777,,a,Online,2/10/17,2/14/17,"",TRUE,3/1/17 17:53,,http://polling.reuters.com/#poll/CP3_2/,Huffpost | Reuters,45.3,50.6
77297,49282,2017,,Donald Trump,169,Gallup,"","",Gallup,1500,a,a,Live Phone,2/11/17,2/13/17,"",TRUE,2/14/17 14:00,,http://www.gallup.com/poll/201617/gallup-daily-trump-job-approval.aspx,538 | Huffpost,40.0,54.0
77308,49293,,,Donald Trump,590,Fox News,149,FOX News,Fox News/Anderson Robbins Research/Shaw & Company Research,1013,rv,rv,Live Phone,2/11/17,2/13/17,"",,2/15/17 11:49,,http://www.foxnews.com/politics/interactive/2017/02/14/fox-news-poll-february-14-2017/,RCP | Huffpost,48.0,47.0
77450,49369,2017,,Donald Trump,201,Harris Interactive,763,Harvard,Harris Interactive,2148,rv,rv,Online,2/11/17,2/13/17,"",,2/27/17 12:16,,http://harvardharrispoll.com/wp-content/uploads/2017/02/Harvard-Harris-Topline-2.17.2017-Final.pdf,Huffpost | 538,48.0,52.0
77303,49288,2017,,Donald Trump,399,Rasmussen/Pulse Opinion Research,"","",Rasmussen Reports/Pulse Opinion Research,1500,lv,lv,IVR/Online,2/9/17,2/13/17,"",TRUE,2/14/17 14:03,,http://www.rasmussenreports.com/public_content/politics/trump_administration/trump_approval_index_history,Rasmussen | 538 | RCP | Huffpost,52.0,48.0
77501,49406,2017,,Donald Trump,744,Ipsos,71,Reuters,Ipsos,1563,,rv,Online,2/9/17,2/13/17,"",TRUE,3/1/17 17:53,,http://polling.reuters.com/#poll/CP3_2/filters/PD1:1,Reuters,48.0,48.9
77540,49406,2017,,Donald Trump,744,Ipsos,71,Reuters,Ipsos,592,,lv,Online,2/9/17,2/13/17,"",TRUE,3/1/17 17:53,,http://polling.reuters.com/#poll/CP3_2/filters/LIKELY:1,Reuters,47.8,47.2
77579,49406,2017,,Donald Trump,744,Ipsos,71,Reuters,Ipsos,1813,,a,Online,2/9/17,2/13/17,"",TRUE,3/1/17 17:53,,http://polling.reuters.com/#poll/CP3_2/,Reuters,46.3,48.5
77294,49279,2017,,Donald Trump,169,Gallup,"","",Gallup,1500,a,a,Live Phone,2/10/17,2/12/17,"",TRUE,2/14/17 14:00,,http://www.gallup.com/poll/201617/gallup-daily-trump-job-approval.aspx,538 | Huffpost,40.0,54.0
77299,49284,2017,,Donald Trump,399,Rasmussen/Pulse Opinion Research,"","",Rasmussen Reports/Pulse Opinion Research,1500,lv,lv,IVR/Online,2/8/17,2/12/17,"",TRUE,2/14/17 14:00,,http://www.rasmussenreports.com/public_content/politics/trump_administration/trump_approval_index_history,Rasmussen | 538 | RCP | Huffpost,52.0,48.0
77502,49407,2017,,Donald Trump,744,Ipsos,71,Reuters,Ipsos,1530,,rv,Online,2/8/17,2/12/17,"",TRUE,3/1/17 17:53,,http://polling.reuters.com/#poll/CP3_2/filters/PD1:1,Reuters,48.3,48.6
77541,49407,2017,,Donald Trump,744,Ipsos,71,Reuters,Ipsos,573,,lv,Online,2/8/17,2/12/17,"",TRUE,3/1/17 17:53,,http://polling.reuters.com/#poll/CP3_2/filters/LIKELY:1,Reuters,48.1,46.9
77580,49407,2017,,Donald Trump,744,Ipsos,71,Reuters,Ipsos,1774,,a,Online,2/8/17,2/12/17,"",TRUE,3/1/17 17:53,,http://polling.reuters.com/#poll/CP3_2/,Reuters,46.3,48.4
77323,49308,,,Donald Trump,370,Pew Research Center,"","",Pew Research Center,1503,rv,a,Live Phone,2/7/17,2/12/17,"",,2/20/17 12:02,,http://www.people-press.org/2017/02/16/in-first-month-views-of-trump-are-already-strongly-felt-deeply-polarized/?utm_source=adaptivemailer&utm_medium=email&utm_campaign=17-02-15%20feb%20political&org=982&lvl=100&ite=819&lea=171698&ctr=0&par=1&trk=,Huffpost,39.0,56.0
77324,49308,,,Donald Trump,370,Pew Research Center,"","",Pew Research Center,1246,rv,rv,Live Phone,2/7/17,2/12/17,"",,2/20/17 12:02,,http://www.people-press.org/2017/02/16/presidential-approval-detailed-tables-february-2017/,RCP,42.0,54.0
77296,49281,,,Donald Trump,1193,SurveyMonkey,"","",SurveyMonkey,9349,a,a,Online,2/6/17,2/12/17,"",,2/14/17 14:00,,https://blog.electiontracking.surveymonkey.com/2017/02/13/trump-approval-february-6-12/,Huffpost,46.0,53.0
77456,49281,2017,,Donald Trump,1193,SurveyMonkey,"","",SurveyMonkey,8571,a,rv,Online,2/6/17,2/12/17,"",,2/28/17 06:42,,https://drive.google.com/file/d/0BztOs71zt1WpVE9uajdzMDRfckk/view,538,46.0,53.0
77300,49285,2017,,Donald Trump,169,Gallup,"","",Gallup,1500,a,a,Live Phone,2/9/17,2/11/17,"",TRUE,2/14/17 14:00,,http://www.gallup.com/poll/201617/gallup-daily-trump-job-approval.aspx,538 | Huffpost,40.0,55.0
77503,49408,2017,,Donald Trump,744,Ipsos,71,Reuters,Ipsos,1532,,rv,Online,2/7/17,2/11/17,"",TRUE,3/1/17 17:53,,http://polling.reuters.com/#poll/CP3_2/filters/PD1:1,Reuters,48.5,48.0
77542,49408,2017,,Donald Trump,744,Ipsos,71,Reuters,Ipsos,577,,lv,Online,2/7/17,2/11/17,"",TRUE,3/1/17 17:53,,http://polling.reuters.com/#poll/CP3_2/filters/LIKELY:1,Reuters,48.9,45.9
77581,49408,2017,,Donald Trump,744,Ipsos,71,Reuters,Ipsos,1770,,a,Online,2/7/17,2/11/17,"",TRUE,3/1/17 17:53,,http://polling.reuters.com/#poll/CP3_2/,Reuters,46.7,47.5
77311,49296,,,Donald Trump,1189,Morning Consult,538,Politico,Morning Consult,1791,rv,rv,Online,2/9/17,2/10/17,"",,2/15/17 11:49,,https://morningconsult.com/2017/02/15/poll-warren-wouldnt-beat-trump-2020-another-democrat/,Huffpost,49.0,45.0
77298,49283,2017,,Donald Trump,169,Gallup,"","",Gallup,1500,a,a,Live Phone,2/8/17,2/10/17,"",TRUE,2/14/17 14:00,,http://www.gallup.com/poll/201617/gallup-daily-trump-job-approval.aspx,538 | Huffpost,41.0,53.0
77504,49409,2017,,Donald Trump,744,Ipsos,71,Reuters,Ipsos,1529,,rv,Online,2/6/17,2/10/17,"",TRUE,3/1/17 17:53,,http://polling.reuters.com/#poll/CP3_2/filters/PD1:1,Reuters,48.9,48.0
77543,49409,2017,,Donald Trump,744,Ipsos,71,Reuters,Ipsos,564,,lv,Online,2/6/17,2/10/17,"",TRUE,3/1/17 17:53,,http://polling.reuters.com/#poll/CP3_2/filters/LIKELY:1,Reuters,45.8,50.7
77582,49409,2017,,Donald Trump,744,Ipsos,71,Reuters,Ipsos,1765,,a,Online,2/6/17,2/10/17,"",TRUE,3/1/17 17:53,,http://polling.reuters.com/#poll/CP3_2/,Reuters,46.7,47.6
77293,49278,2017,,Donald Trump,399,Rasmussen/Pulse Opinion Research,"","",Rasmussen Reports/Pulse Opinion Research,1500,lv,lv,IVR/Online,2/7/17,2/9/17,"",TRUE,2/14/17 14:00,,http://www.rasmussenreports.com/public_content/politics/trump_administration/trump_approval_index_history,Rasmussen | 538 | RCP | Huffpost,52.0,48.0
77304,49289,2017,,Donald Trump,169,Gallup,"","",Gallup,1500,a,a,Live Phone,2/7/17,2/9/17,"",TRUE,2/14/17 14:03,,http://www.gallup.com/poll/201617/gallup-daily-trump-job-approval.aspx,538 | Huffpost,42.0,52.0
77505,49410,2017,,Donald Trump,744,Ipsos,71,Reuters,Ipsos,1518,,rv,Online,2/5/17,2/9/17,"",TRUE,3/1/17 17:53,,http://polling.reuters.com/#poll/CP3_2/filters/PD1:1,Reuters,50.0,46.2
77544,49410,2017,,Donald Trump,744,Ipsos,71,Reuters,Ipsos,548,,lv,Online,2/5/17,2/9/17,"",TRUE,3/1/17 17:53,,http://polling.reuters.com/#poll/CP3_2/filters/LIKELY:1,Reuters,48.7,47.4
77583,49410,2017,,Donald Trump,744,Ipsos,71,Reuters,Ipsos,1756,,a,Online,2/5/17,2/9/17,"",TRUE,3/1/17 17:53,,http://polling.reuters.com/#poll/CP3_2/,Reuters,47.8,46.4
77302,49287,,,Donald Trump,383,Public Policy Polling,"","",Public Policy Polling,712,rv,rv,IVR/Online,2/7/17,2/8/17,"",,2/14/17 14:03,,http://www.publicpolicypolling.com/pdf/2017/PPP_Release_National_21017.pdf,RCP | Huffpost,43.0,53.0
77301,49286,2017,,Donald Trump,169,Gallup,"","",Gallup,1500,a,a,Live Phone,2/6/17,2/8/17,"",TRUE,2/14/17 14:00,,http://www.gallup.com/poll/201617/gallup-daily-trump-job-approval.aspx,538 | Huffpost,43.0,52.0
77305,49290,2017,,Donald Trump,399,Rasmussen/Pulse Opinion Research,"","",Rasmussen Reports/Pulse Opinion Research,1500,lv,lv,IVR/Online,2/6/17,2/8/17,"",TRUE,2/14/17 14:03,,http://www.rasmussenreports.com/public_content/politics/trump_administration/trump_approval_index_history,Rasmussen | 538 | RCP | Huffpost,53.0,47.0
77506,49411,2017,,Donald Trump,744,Ipsos,71,Reuters,Ipsos,1507,,rv,Online,2/4/17,2/8/17,"",TRUE,3/1/17 17:53,,http://polling.reuters.com/#poll/CP3_2/filters/PD1:1,Reuters,50.0,46.9
77545,49411,2017,,Donald Trump,744,Ipsos,71,Reuters,Ipsos,539,,lv,Online,2/4/17,2/8/17,"",TRUE,3/1/17 17:53,,http://polling.reuters.com/#poll/CP3_2/filters/LIKELY:1,Reuters,48.3,47.6
77584,49411,2017,,Donald Trump,744,Ipsos,71,Reuters,Ipsos,1718,,a,Online,2/4/17,2/8/17,"",TRUE,3/1/17 17:53,,http://polling.reuters.com/#poll/CP3_2/,Reuters,47.5,47.6
77287,49273,,,Donald Trump,568,YouGov,352,Economist,YouGov,1500,a,a,Online,2/5/17,2/7/17,"",,2/8/17 11:06,,http://d25d2506sfb94s.cloudfront.net/cumulus_uploads/document/4zurt7hzwj/econToplines.pdf,Huffpost,41.0,48.0
77292,49273,,,Donald Trump,568,YouGov,352,Economist,YouGov,1315,a,rv,Online,2/5/17,2/7/17,"",,2/8/17 11:06,,http://d25d2506sfb94s.cloudfront.net/cumulus_uploads/document/4zurt7hzwj/econToplines.pdf,RCP,44.0,49.0
77291,49277,2017,,Donald Trump,399,Rasmussen/Pulse Opinion Research,"","",Rasmussen Reports/Pulse Opinion Research,1500,lv,lv,IVR/Online,2/5/17,2/7/17,"",TRUE,2/8/17 11:06,,http://www.rasmussenreports.com/public_content/politics/trump_administration/trump_approval_index_history,Rasmussen | 538 | RCP | Huffpost,53.0,47.0
77306,49291,2017,,Donald Trump,169,Gallup,"","",Gallup,1500,a,a,Live Phone,2/5/17,2/7/17,"",TRUE,2/14/17 14:04,,http://www.gallup.com/poll/201617/gallup-daily-trump-job-approval.aspx,538 | Huffpost,43.0,52.0
77507,49412,2017,,Donald Trump,744,Ipsos,71,Reuters,Ipsos,1654,,rv,Online,2/3/17,2/7/17,"",TRUE,3/1/17 17:53,,http://polling.reuters.com/#poll/CP3_2/filters/PD1:1,Reuters,49.9,47.2
77546,49412,2017,,Donald Trump,744,Ipsos,71,Reuters,Ipsos,597,,lv,Online,2/3/17,2/7/17,"",TRUE,3/1/17 17:53,,http://polling.reuters.com/#poll/CP3_2/filters/LIKELY:1,Reuters,47.5,47.8
77585,49412,2017,,Donald Trump,744,Ipsos,71,Reuters,Ipsos,1900,,a,Online,2/3/17,2/7/17,"",TRUE,3/1/17 17:53,,http://polling.reuters.com/#poll/CP3_2/,Huffpost | Reuters,47.5,47.6
77307,49292,,,Donald Trump,1102,Emerson College,"","",Emerson College,617,rv,rv,,2/5/17,2/6/17,"",,2/14/17 14:04,,http://media.wix.com/ugd/3bebb2_ad9933217cc64d9c9fdf4e34a27756c1.pdf,RCP,48.0,47.0
77288,49274,2017,,Donald Trump,169,Gallup,"","",Gallup,1500,a,a,Live Phone,2/4/17,2/6/17,"",TRUE,2/8/17 11:06,,http://www.gallup.com/poll/201617/gallup-daily-trump-job-approval.aspx,538 | Huffpost,42.0,54.0
77285,49271,2017,,Donald Trump,399,Rasmussen/Pulse Opinion Research,"","",Rasmussen Reports/Pulse Opinion Research,1500,lv,lv,IVR/Online,2/2/17,2/6/17,"",TRUE,2/7/17 10:36,,http://www.rasmussenreports.com/public_content/politics/trump_administration/trump_approval_index_history,Rasmussen | 538 | RCP | Huffpost,53.0,47.0
77290,49276,,,Donald Trump,396,Quinnipiac University,"","",Quinnipiac University,1155,rv,rv,Live Phone,2/2/17,2/6/17,"",,2/8/17 11:06,,https://poll.qu.edu/national/release-detail?ReleaseID=2427,RCP | Huffpost,42.0,51.0
77508,49413,2017,,Donald Trump,744,Ipsos,71,Reuters,Ipsos,1606,,rv,Online,2/2/17,2/6/17,"",TRUE,3/1/17 17:53,,http://polling.reuters.com/#poll/CP3_2/filters/PD1:1,Reuters,50.1,47.3
77547,49413,2017,,Donald Trump,744,Ipsos,71,Reuters,Ipsos,580,,lv,Online,2/2/17,2/6/17,"",TRUE,3/1/17 17:53,,http://polling.reuters.com/#poll/CP3_2/filters/LIKELY:1,Reuters,46.3,48.7
77586,49413,2017,,Donald Trump,744,Ipsos,71,Reuters,Ipsos,1869,,a,Online,2/2/17,2/6/17,"",TRUE,3/1/17 17:53,,http://polling.reuters.com/#poll/CP3_2/,Reuters,47.1,47.5
77273,49261,2017,,Donald Trump,169,Gallup,"","",Gallup,1500,a,a,Live Phone,2/3/17,2/5/17,"",TRUE,2/6/17 17:48,,http://www.gallup.com/poll/201617/gallup-daily-trump-job-approval.aspx,538 | Huffpost,42.0,52.0
77268,49256,2017,,Donald Trump,399,Rasmussen/Pulse Opinion Research,"","",Rasmussen Reports/Pulse Opinion Research,1500,lv,lv,IVR/Online,2/1/17,2/5/17,"",TRUE,2/6/17 17:44,,http://www.rasmussenreports.com/public_content/politics/trump_administration/trump_approval_index_history,Rasmussen | 538 | RCP | Huffpost,53.0,47.0
77509,49414,2017,,Donald Trump,744,Ipsos,71,Reuters,Ipsos,1587,,rv,Online,2/1/17,2/5/17,"",TRUE,3/1/17 17:53,,http://polling.reuters.com/#poll/CP3_2/filters/PD1:1,Reuters,50.0,46.6
77548,49414,2017,,Donald Trump,744,Ipsos,71,Reuters,Ipsos,594,,lv,Online,2/1/17,2/5/17,"",TRUE,3/1/17 17:53,,http://polling.reuters.com/#poll/CP3_2/filters/LIKELY:1,Reuters,48.7,45.4
77587,49414,2017,,Donald Trump,744,Ipsos,71,Reuters,Ipsos,1849,,a,Online,2/1/17,2/5/17,"",TRUE,3/1/17 17:53,,http://polling.reuters.com/#poll/CP3_2/,Reuters,47.5,46.8
77286,49272,,,Donald Trump,1193,SurveyMonkey,"","",SurveyMonkey,9219,a,a,Online,1/30/17,2/5/17,"",,2/7/17 10:36,,https://blog.electiontracking.surveymonkey.com/2017/02/06/trump-approval-january-30-february-5/,Huffpost,46.0,52.0
77457,49272,2017,,Donald Trump,1193,SurveyMonkey,"","",SurveyMonkey,8447,a,rv,Online,1/30/17,2/5/17,"",,2/28/17 06:42,,https://drive.google.com/file/d/0B99Qs2h04TA7U2k3eVRPOWlPVzQ/view,538,47.0,52.0
77277,49265,2017,,Donald Trump,169,Gallup,"","",Gallup,1500,a,a,Live Phone,2/2/17,2/4/17,"",TRUE,2/6/17 17:50,,http://www.gallup.com/poll/201617/gallup-daily-trump-job-approval.aspx,538 | Huffpost,42.0,53.0
77284,49270,,,Donald Trump,573,Zogby Interactive/JZ Analytics,"","",Zogby Interactive/JZ Analytics,860,,lv,Online,2/2/17,2/4/17,"",,2/7/17 10:36,,https://www.zogbyanalytics.com/news/768-voters-agree-with-president-trump-s-executive-orders-president-s-approval-rating-up,Huffpost,47.0,43.0
77289,49275,,,Donald Trump,1189,Morning Consult,538,Politico,Morning Consult,2070,rv,rv,Online,2/2/17,2/4/17,"",,2/8/17 11:06,,http://www.politico.com/story/2017/02/trump-democrats-poll-234778,Huffpost,47.0,46.0
77510,49415,2017,,Donald Trump,744,Ipsos,71,Reuters,Ipsos,2362,,rv,Online,1/31/17,2/4/17,"",TRUE,3/1/17 17:53,,http://polling.reuters.com/#poll/CP3_2/filters/PD1:1,Reuters,47.8,48.0
77549,49415,2017,,Donald Trump,744,Ipsos,71,Reuters,Ipsos,961,,lv,Online,1/31/17,2/4/17,"",TRUE,3/1/17 17:53,,http://polling.reuters.com/#poll/CP3_2/filters/LIKELY:1,Reuters,46.8,46.6
77588,49415,2017,,Donald Trump,744,Ipsos,71,Reuters,Ipsos,2774,,a,Online,1/31/17,2/4/17,"",TRUE,3/1/17 17:53,,http://polling.reuters.com/#poll/CP3_2/,Reuters,45.2,47.7
77260,49248,2017,,Donald Trump,169,Gallup,"","",Gallup,1500,a,a,Live Phone,2/1/17,2/3/17,"",TRUE,2/6/17 17:42,,http://www.gallup.com/poll/201617/gallup-daily-trump-job-approval.aspx,Huffpost | Huffpost | 538 | Huffpost,44.0,50.0
77511,49416,2017,,Donald Trump,744,Ipsos,71,Reuters,Ipsos,2831,,rv,Online,1/30/17,2/3/17,"",TRUE,3/1/17 17:53,,http://polling.reuters.com/#poll/CP3_2/filters/PD1:1,Reuters,47.8,47.7
77550,49416,2017,,Donald Trump,744,Ipsos,71,Reuters,Ipsos,1167,,lv,Online,1/30/17,2/3/17,"",TRUE,3/1/17 17:53,,http://polling.reuters.com/#poll/CP3_2/filters/LIKELY:1,Reuters,47.3,46.0
77589,49416,2017,,Donald Trump,744,Ipsos,71,Reuters,Ipsos,3368,,a,Online,1/30/17,2/3/17,"",TRUE,3/1/17 17:53,,http://polling.reuters.com/#poll/CP3_2/,Reuters,44.9,47.7
77264,49252,,,Donald Trump,79,CBS News/New York Times,133,CBS News,CBS News/New York Times,1019,a,a,Live Phone,2/1/17,2/2/17,"",,2/6/17 17:42,,http://www.cbsnews.com/news/americans-sharply-divided-along-partisan-lines-over-travel-ban-trump-cbs-news-poll/?ftag=CNM-00-10aab7e&linkId=34085362,RCP | Huffpost,40.0,48.0
77245,49233,2017,,Donald Trump,169,Gallup,"","",Gallup,1500,a,a,Live Phone,1/31/17,2/2/17,"",TRUE,2/6/17 17:40,,http://www.gallup.com/poll/201617/gallup-daily-trump-job-approval.aspx,538 | Huffpost,43.0,52.0
77275,49263,2017,,Donald Trump,399,Rasmussen/Pulse Opinion Research,"","",Rasmussen Reports/Pulse Opinion Research,1500,lv,lv,IVR/Online,1/31/17,2/2/17,"",TRUE,2/6/17 17:48,,http://www.rasmussenreports.com/public_content/politics/trump_administration/trump_approval_index_history,Rasmussen | 538 | RCP | RCP | RCP | Huffpost,54.0,46.0
77276,49264,,,Donald Trump,100,CNN/Opinion Research Corp.,143,CNN,CNN/Opinion Research Corp.,1002,a,a,Live Phone,1/31/17,2/2/17,"",,2/6/17 17:50,,http://i2.cdn.turner.com/cnn/2017/images/02/03/rel2a.-.trump.pdf,RCP | Huffpost,44.0,53.0
77512,49417,2017,,Donald Trump,744,Ipsos,71,Reuters,Ipsos,2649,,rv,Online,1/29/17,2/2/17,"",TRUE,3/1/17 17:53,,http://polling.reuters.com/#poll/CP3_2/filters/PD1:1,Reuters,48.0,47.4
77551,49417,2017,,Donald Trump,744,Ipsos,71,Reuters,Ipsos,1126,,lv,Online,1/29/17,2/2/17,"",TRUE,3/1/17 17:53,,http://polling.reuters.com/#poll/CP3_2/filters/LIKELY:1,Reuters,47.7,46.1
77590,49417,2017,,Donald Trump,744,Ipsos,71,Reuters,Ipsos,3154,,a,Online,1/29/17,2/2/17,"",TRUE,3/1/17 17:53,,http://polling.reuters.com/#poll/CP3_2/,Reuters,45.3,47.4
77282,49269,,,Donald Trump,228,IBD/TIPP,375,Investor's Business Daily,IBD/TIPP,885,a,a,,1/27/17,2/2/17,"",,2/6/17 17:53,,http://www.investors.com/wp-content/uploads/2017/02/IBDTIPP_Poll_2017_02.pdf,Huffpost | RCP,42.0,48.0
77244,49232,2017,,Donald Trump,169,Gallup,"","",Gallup,1500,a,a,Live Phone,1/30/17,2/1/17,"",TRUE,2/6/17 17:40,,http://www.gallup.com/poll/201617/gallup-daily-trump-job-approval.aspx,538 | Huffpost,43.0,52.0
77270,49258,2017,,Donald Trump,399,Rasmussen/Pulse Opinion Research,"","",Rasmussen Reports/Pulse Opinion Research,1500,lv,lv,IVR/Online,1/30/17,2/1/17,"",TRUE,2/6/17 17:44,,http://www.rasmussenreports.com/public_content/politics/trump_administration/trump_approval_index_history,Rasmussen | 538 | RCP | Huffpost,53.0,47.0
77513,49418,2017,,Donald Trump,744,Ipsos,71,Reuters,Ipsos,2646,,rv,Online,1/28/17,2/1/17,"",TRUE,3/1/17 17:53,,http://polling.reuters.com/#poll/CP3_2/filters/PD1:1,Reuters,47.7,47.7
77552,49418,2017,,Donald Trump,744,Ipsos,71,Reuters,Ipsos,1122,,lv,Online,1/28/17,2/1/17,"",TRUE,3/1/17 17:53,,http://polling.reuters.com/#poll/CP3_2/filters/LIKELY:1,Reuters,47.9,45.5
77591,49418,2017,,Donald Trump,744,Ipsos,71,Reuters,Ipsos,3141,,a,Online,1/28/17,2/1/17,"",TRUE,3/1/17 17:53,,http://polling.reuters.com/#poll/CP3_2/,Reuters,45.0,47.9
77250,49238,,,Donald Trump,383,Public Policy Polling,"","",Public Policy Polling,725,rv,rv,IVR/Online,1/30/17,1/31/17,"",,2/6/17 17:42,,http://www.publicpolicypolling.com/pdf/2017/PPP_Release_National_2217.pdf,RCP | Huffpost,47.0,49.0
77256,49244,2017,,Donald Trump,169,Gallup,"","",Gallup,1500,a,a,Live Phone,1/29/17,1/31/17,"",TRUE,2/6/17 17:42,,http://www.gallup.com/poll/201617/gallup-daily-trump-job-approval.aspx,538 | Huffpost,43.0,52.0
77262,49250,2017,,Donald Trump,399,Rasmussen/Pulse Opinion Research,"","",Rasmussen Reports/Pulse Opinion Research,1500,lv,lv,IVR/Online,1/29/17,1/31/17,"",TRUE,2/6/17 17:42,,http://www.rasmussenreports.com/public_content/politics/trump_administration/trump_approval_index_history,Rasmussen | 538 | RCP | Huffpost,53.0,47.0
77280,49268,,,Donald Trump,568,YouGov,352,Economist,YouGov,1500,a,a,Online,1/28/17,1/31/17,"",,2/6/17 17:50,,http://d25d2506sfb94s.cloudfront.net/cumulus_uploads/document/qg8b1mgh4b/econToplines.pdf,Huffpost,43.0,44.0
77283,49268,,,Donald Trump,568,YouGov,352,Economist,YouGov,1278,a,rv,Online,1/28/17,1/31/17,"",,2/6/17 17:53,,http://d25d2506sfb94s.cloudfront.net/cumulus_uploads/document/qg8b1mgh4b/econToplines.pdf,RCP,47.0,45.0
77514,49419,2017,,Donald Trump,744,Ipsos,71,Reuters,Ipsos,2653,,rv,Online,1/27/17,1/31/17,"",TRUE,3/1/17 17:53,,http://polling.reuters.com/#poll/CP3_2/filters/PD1:1,Reuters,48.3,46.6
77553,49419,2017,,Donald Trump,744,Ipsos,71,Reuters,Ipsos,1131,,lv,Online,1/27/17,1/31/17,"",TRUE,3/1/17 17:53,,http://polling.reuters.com/#poll/CP3_2/filters/LIKELY:1,Reuters,48.3,44.9
77592,49419,2017,,Donald Trump,744,Ipsos,71,Reuters,Ipsos,3153,,a,Online,1/27/17,1/31/17,"",TRUE,3/1/17 17:53,,http://polling.reuters.com/#poll/CP3_2/,Huffpost | Reuters,45.3,46.9
77279,49267,2017,,Donald Trump,169,Gallup,"","",Gallup,1500,a,a,Live Phone,1/28/17,1/30/17,"",TRUE,2/6/17 17:50,,http://www.gallup.com/poll/201617/gallup-daily-trump-job-approval.aspx,538 | Huffpost,43.0,51.0
77252,49240,,,Donald Trump,1193,SurveyMonkey,"","",SurveyMonkey,4444,a,a,Online,1/26/17,1/30/17,"",,2/6/17 17:42,,https://blog.electiontracking.surveymonkey.com/2017/01/31/trump-approval-americans-divided-right-from-the-start/,Huffpost,48.0,50.0
77458,49240,2017,,Donald Trump,1193,SurveyMonkey,"","",SurveyMonkey,3949,a,rv,Online,1/26/17,1/30/17,"",,2/28/17 06:42,,https://drive.google.com/file/d/0BxxpEMTW3kArMGwwRzA0QUc0Q00/view,538,49.0,50.0
77255,49243,2017,,Donald Trump,399,Rasmussen/Pulse Opinion Research,"","",Rasmussen Reports/Pulse Opinion Research,1500,lv,lv,IVR/Online,1/26/17,1/30/17,"",TRUE,2/6/17 17:42,,http://www.rasmussenreports.com/public_content/politics/trump_administration/trump_approval_index_history,Rasmussen | 538 | RCP | Huffpost,51.0,49.0
77515,49420,2017,,Donald Trump,744,Ipsos,71,Reuters,Ipsos,1846,,rv,Online,1/26/17,1/30/17,"",TRUE,3/1/17 17:53,,http://polling.reuters.com/#poll/CP3_2/filters/PD1:1,Reuters,50.1,44.6
77554,49420,2017,,Donald Trump,744,Ipsos,71,Reuters,Ipsos,780,,lv,Online,1/26/17,1/30/17,"",TRUE,3/1/17 17:53,,http://polling.reuters.com/#poll/CP3_2/filters/LIKELY:1,Reuters,48.6,44.8
77593,49420,2017,,Donald Trump,744,Ipsos,71,Reuters,Ipsos,2204,,a,Online,1/26/17,1/30/17,"",TRUE,3/1/17 17:53,,http://polling.reuters.com/#poll/CP3_2/,Reuters,46.8,45.8
77247,49235,2017,,Donald Trump,169,Gallup,"","",Gallup,1500,a,a,Live Phone,1/27/17,1/29/17,"",TRUE,2/6/17 17:40,,http://www.gallup.com/poll/201617/gallup-daily-trump-job-approval.aspx,538 | Huffpost,43.0,50.0
77251,49239,2017,,Donald Trump,399,Rasmussen/Pulse Opinion Research,"","",Rasmussen Reports/Pulse Opinion Research,1500,lv,lv,IVR/Online,1/25/17,1/29/17,"",TRUE,2/6/17 17:42,,http://www.rasmussenreports.com/public_content/politics/trump_administration/trump_approval_index_history,Rasmussen | 538 | RCP | Huffpost,53.0,47.0
77516,49421,2017,,Donald Trump,744,Ipsos,71,Reuters,Ipsos,1370,,rv,Online,1/25/17,1/29/17,"",TRUE,3/1/17 17:53,,http://polling.reuters.com/#poll/CP3_2/filters/PD1:1,Reuters,50.6,44.5
77555,49421,2017,,Donald Trump,744,Ipsos,71,Reuters,Ipsos,576,,lv,Online,1/25/17,1/29/17,"",TRUE,3/1/17 17:53,,http://polling.reuters.com/#poll/CP3_2/filters/LIKELY:1,Reuters,48.3,46.2
77594,49421,2017,,Donald Trump,744,Ipsos,71,Reuters,Ipsos,1630,,a,Online,1/25/17,1/29/17,"",TRUE,3/1/17 17:53,,http://polling.reuters.com/#poll/CP3_2/,Reuters,48.2,45.1
77253,49241,,,Donald Trump,1189,Morning Consult,538,Politico,Morning Consult,1991,rv,rv,Online,1/26/17,1/28/17,"",,2/6/17 17:42,,http://www.politico.com/story/2017/02/poll-donald-trump-voter-fraud-234458,Huffpost,49.0,41.0
77263,49251,2017,,Donald Trump,169,Gallup,"","",Gallup,1500,a,a,Live Phone,1/26/17,1/28/17,"",TRUE,2/6/17 17:42,,http://www.gallup.com/poll/201617/gallup-daily-trump-job-approval.aspx,538 | Huffpost,42.0,51.0
77517,49422,2017,,Donald Trump,744,Ipsos,71,Reuters,Ipsos,1410,,rv,Online,1/24/17,1/28/17,"",TRUE,3/1/17 17:53,,http://polling.reuters.com/#poll/CP3_2/filters/PD1:1,Reuters,47.8,45.9
77556,49422,2017,,Donald Trump,744,Ipsos,71,Reuters,Ipsos,573,,lv,Online,1/24/17,1/28/17,"",TRUE,3/1/17 17:53,,http://polling.reuters.com/#poll/CP3_2/filters/LIKELY:1,Reuters,46.5,45.8
77595,49422,2017,,Donald Trump,744,Ipsos,71,Reuters,Ipsos,1684,,a,Online,1/24/17,1/28/17,"",TRUE,3/1/17 17:53,,http://polling.reuters.com/#poll/CP3_2/,Reuters,45.4,46.0
77269,49257,2017,,Donald Trump,169,Gallup,"","",Gallup,1500,a,a,Live Phone,1/25/17,1/27/17,"",TRUE,2/6/17 17:44,,http://www.gallup.com/poll/201617/gallup-daily-trump-job-approval.aspx,538 | Huffpost,42.0,50.0
77518,49423,2017,,Donald Trump,744,Ipsos,71,Reuters,Ipsos,1420,,rv,Online,1/23/17,1/27/17,"",TRUE,3/1/17 17:53,,http://polling.reuters.com/#poll/CP3_2/filters/PD1:1,Reuters,46.9,45.2
77557,49423,2017,,Donald Trump,744,Ipsos,71,Reuters,Ipsos,584,,lv,Online,1/23/17,1/27/17,"",TRUE,3/1/17 17:53,,http://polling.reuters.com/#poll/CP3_2/filters/LIKELY:1,Reuters,45.1,46.9
77596,49423,2017,,Donald Trump,744,Ipsos,71,Reuters,Ipsos,1712,,a,Online,1/23/17,1/27/17,"",TRUE,3/1/17 17:53,,http://polling.reuters.com/#poll/CP3_2/,Reuters,44.5,45.5
77246,49234,2017,,Donald Trump,399,Rasmussen/Pulse Opinion Research,"","",Rasmussen Reports/Pulse Opinion Research,1500,lv,lv,IVR/Online,1/24/17,1/26/17,"",TRUE,2/6/17 17:40,,http://www.rasmussenreports.com/public_content/politics/trump_administration/trump_approval_index_history,Rasmussen | 538 | RCP | Huffpost,55.0,45.0
77254,49242,2017,,Donald Trump,169,Gallup,"","",Gallup,1500,a,a,Live Phone,1/24/17,1/26/17,"",TRUE,2/6/17 17:42,,http://www.gallup.com/poll/201617/gallup-daily-trump-job-approval.aspx,538 | Huffpost,45.0,48.0
77519,49424,2017,,Donald Trump,744,Ipsos,71,Reuters,Ipsos,1385,,rv,Online,1/22/17,1/26/17,"",TRUE,3/1/17 17:53,,http://polling.reuters.com/#poll/CP3_2/filters/PD1:1,Reuters,45.4,46.2
77558,49424,2017,,Donald Trump,744,Ipsos,71,Reuters,Ipsos,552,,lv,Online,1/22/17,1/26/17,"",TRUE,3/1/17 17:53,,http://polling.reuters.com/#poll/CP3_2/filters/LIKELY:1,Reuters,41.3,48.5
77597,49424,2017,,Donald Trump,744,Ipsos,71,Reuters,Ipsos,1678,,a,Online,1/22/17,1/26/17,"",TRUE,3/1/17 17:53,,http://polling.reuters.com/#poll/CP3_2/,Reuters,42.6,46.4
77257,49245,2017,,Donald Trump,169,Gallup,"","",Gallup,1500,a,a,Live Phone,1/23/17,1/25/17,"",TRUE,2/6/17 17:42,,http://www.gallup.com/poll/201617/gallup-daily-trump-job-approval.aspx,538 | Huffpost,46.0,45.0
77259,49247,2017,,Donald Trump,399,Rasmussen/Pulse Opinion Research,"","",Rasmussen Reports/Pulse Opinion Research,1500,lv,lv,IVR/Online,1/23/17,1/25/17,"",TRUE,2/6/17 17:42,,http://www.rasmussenreports.com/public_content/politics/trump_administration/trump_approval_index_history,Rasmussen | 538 | RCP | Huffpost,59.0,41.0
77266,49254,,,Donald Trump,568,YouGov,352,Economist,YouGov,2692,a,a,Online,1/23/17,1/25/17,"",,2/6/17 17:44,,http://d25d2506sfb94s.cloudfront.net/cumulus_uploads/document/31rwbl7mh1/econToplines.pdf,Huffpost,41.0,35.0
77281,49254,,,Donald Trump,568,YouGov,352,Economist,YouGov,2312,a,rv,Online,1/23/17,1/25/17,"",,2/6/17 17:53,,http://d25d2506sfb94s.cloudfront.net/cumulus_uploads/document/31rwbl7mh1/econToplines.pdf,RCP,43.0,39.0
77520,49425,2017,,Donald Trump,744,Ipsos,71,Reuters,Ipsos,1365,,rv,Online,1/21/17,1/25/17,"",TRUE,3/1/17 17:53,,http://polling.reuters.com/#poll/CP3_2/filters/PD1:1,Reuters,44.9,46.5
77559,49425,2017,,Donald Trump,744,Ipsos,71,Reuters,Ipsos,516,,lv,Online,1/21/17,1/25/17,"",TRUE,3/1/17 17:53,,http://polling.reuters.com/#poll/CP3_2/filters/LIKELY:1,Reuters,42.6,47.8
77598,49425,2017,,Donald Trump,744,Ipsos,71,Reuters,Ipsos,1651,,a,Online,1/21/17,1/25/17,"",TRUE,3/1/17 17:53,,http://polling.reuters.com/#poll/CP3_2/,Reuters,42.3,45.8
77272,49260,,,Donald Trump,396,Quinnipiac University,"","",Quinnipiac University,1190,rv,rv,Live Phone,1/20/17,1/25/17,"",,2/6/17 17:44,,https://poll.qu.edu/national/release-detail?ReleaseID=2415,RCP | Huffpost,36.0,44.0
77249,49237,,,Donald Trump,383,Public Policy Polling,"","",Public Policy Polling,1043,rv,rv,IVR/Online,1/23/17,1/24/17,"",,2/6/17 17:41,,http://www.publicpolicypolling.com/pdf/2015/PPP_Release_National_12617.pdf,RCP | Huffpost,44.0,44.0
77248,49236,2017,,Donald Trump,169,Gallup,"","",Gallup,1500,a,a,Live Phone,1/22/17,1/24/17,"",TRUE,2/6/17 17:40,,http://www.gallup.com/poll/201617/gallup-daily-trump-job-approval.aspx,538 | Huffpost,46.0,45.0
77278,49266,2017,,Donald Trump,399,Rasmussen/Pulse Opinion Research,"","",Rasmussen Reports/Pulse Opinion Research,1500,lv,lv,IVR/Online,1/22/17,1/24/17,"",TRUE,2/6/17 17:50,,http://www.rasmussenreports.com/public_content/politics/trump_administration/trump_approval_index_history,Rasmussen | 538 | RCP | Huffpost,57.0,43.0
77521,49426,2017,,Donald Trump,744,Ipsos,71,Reuters,Ipsos,1369,,rv,Online,1/20/17,1/24/17,"",TRUE,3/1/17 17:53,,http://polling.reuters.com/#poll/CP3_2/filters/PD1:1,Reuters,45.0,45.2
77560,49426,2017,,Donald Trump,744,Ipsos,71,Reuters,Ipsos,509,,lv,Online,1/20/17,1/24/17,"",TRUE,3/1/17 17:53,,http://polling.reuters.com/#poll/CP3_2/filters/LIKELY:1,Reuters,45.2,44.3
77599,49426,2017,,Donald Trump,744,Ipsos,71,Reuters,Ipsos,1632,,a,Online,1/20/17,1/24/17,"",TRUE,3/1/17 17:53,,http://polling.reuters.com/#poll/CP3_2/,Huffpost | Reuters,42.1,45.2
77274,49262,2017,,Donald Trump,169,Gallup,"","",Gallup,1500,a,a,Live Phone,1/21/17,1/23/17,"",TRUE,2/6/17 17:48,,http://www.gallup.com/poll/201617/gallup-daily-trump-job-approval.aspx,538 | Huffpost,45.0,46.0
77261,49249,2017,,Donald Trump,1189,Morning Consult,538,Politico,Morning Consult,1992,rv,rv,Online,1/20/17,1/22/17,"",,2/6/17 17:42,,http://www.politico.com/story/2017/01/poll-voters-liked-trumps-inaugural-address-234148,538 | Huffpost,46.0,37.0
77265,49253,2017,,Donald Trump,169,Gallup,"","",Gallup,1500,a,a,Live Phone,1/20/17,1/22/17,"",TRUE,2/6/17 17:42,,http://www.gallup.com/poll/201617/gallup-daily-trump-job-approval.aspx,538 | Huffpost,45.0,45.0
